-- MySQL dump 10.13  Distrib 8.0.28, for Win64 (x86_64)
--
-- Host: i7a708.p.ssafy.io    Database: ssafy_web_db
-- ------------------------------------------------------
-- Server version	8.0.30-0ubuntu0.20.04.2

/*!40101 SET @OLD_CHARACTER_SET_CLIENT=@@CHARACTER_SET_CLIENT */;
/*!40101 SET @OLD_CHARACTER_SET_RESULTS=@@CHARACTER_SET_RESULTS */;
/*!40101 SET @OLD_COLLATION_CONNECTION=@@COLLATION_CONNECTION */;
/*!50503 SET NAMES utf8 */;
/*!40103 SET @OLD_TIME_ZONE=@@TIME_ZONE */;
/*!40103 SET TIME_ZONE='+00:00' */;
/*!40014 SET @OLD_UNIQUE_CHECKS=@@UNIQUE_CHECKS, UNIQUE_CHECKS=0 */;
/*!40014 SET @OLD_FOREIGN_KEY_CHECKS=@@FOREIGN_KEY_CHECKS, FOREIGN_KEY_CHECKS=0 */;
/*!40101 SET @OLD_SQL_MODE=@@SQL_MODE, SQL_MODE='NO_AUTO_VALUE_ON_ZERO' */;
/*!40111 SET @OLD_SQL_NOTES=@@SQL_NOTES, SQL_NOTES=0 */;

--
-- Table structure for table `blacklist`
--

DROP TABLE IF EXISTS `blacklist`;
/*!40101 SET @saved_cs_client     = @@character_set_client */;
/*!50503 SET character_set_client = utf8mb4 */;
CREATE TABLE `blacklist` (
  `id` bigint NOT NULL AUTO_INCREMENT,
  `user_from` varchar(255) DEFAULT NULL,
  `user_to` varchar(255) DEFAULT NULL,
  PRIMARY KEY (`id`)
) ENGINE=InnoDB AUTO_INCREMENT=100 DEFAULT CHARSET=utf8mb3;
/*!40101 SET character_set_client = @saved_cs_client */;

--
-- Dumping data for table `blacklist`
--

LOCK TABLES `blacklist` WRITE;
/*!40000 ALTER TABLE `blacklist` DISABLE KEYS */;
INSERT INTO `blacklist` VALUES (95,'coco','jonghyun2'),(96,'jonghyun2','coco'),(97,'coco','jonghyun2'),(98,'ssamom','jonghyun2'),(99,'jonghyun2','ssamom');
/*!40000 ALTER TABLE `blacklist` ENABLE KEYS */;
UNLOCK TABLES;

--
-- Table structure for table `chat_room`
--

DROP TABLE IF EXISTS `chat_room`;
/*!40101 SET @saved_cs_client     = @@character_set_client */;
/*!50503 SET character_set_client = utf8mb4 */;
CREATE TABLE `chat_room` (
  `id` bigint NOT NULL AUTO_INCREMENT,
  `alive` bit(1) DEFAULT b'1',
  `recent_message` varchar(255) DEFAULT NULL,
  `recent_message_id` bigint DEFAULT NULL,
  `recent_message_time` varchar(255) DEFAULT NULL,
  `userid1` bigint DEFAULT NULL,
  `userid2` bigint DEFAULT NULL,
  PRIMARY KEY (`id`),
  UNIQUE KEY `userid1` (`userid1`,`userid2`)
) ENGINE=InnoDB AUTO_INCREMENT=1375 DEFAULT CHARSET=utf8mb3;
/*!40101 SET character_set_client = @saved_cs_client */;

--
-- Dumping data for table `chat_room`
--

LOCK TABLES `chat_room` WRITE;
/*!40000 ALTER TABLE `chat_room` DISABLE KEYS */;
INSERT INTO `chat_room` VALUES (11,_binary '','hello',68,'2022-08-07T07:17:17.292',1,2),(30,_binary '','string',0,'2022-08-07T06:16:47.510',1,3),(32,_binary '','as',144,'2022-08-08T16:31:09.226',1,7),(33,_binary '','asd',107,'2022-08-08T14:28:37.640',1,12),(37,_binary '','hi',597,'2022-08-18T15:45:03.456',21,23),(380,_binary '','nice to meet you',385,'2022-08-14T21:17:23.917',1,5),(651,_binary '','안녕하세요!!',451,'2022-08-15T22:16:02.054',1,15),(770,_binary '',NULL,NULL,'2022-08-16T10:55:23.457',36,37),(789,_binary '','ㅎㅎ',468,'2022-08-16T16:27:27.364',1,18),(795,_binary '',NULL,NULL,'2022-08-16T16:43:49.517',1,8),(1034,_binary '','noce to meet you',491,'2022-08-17T20:42:02.698',1,9),(1118,_binary '','ㅋㅋㅋㅋㅋㅋㅋㅋㅋ',765,'2022-08-18T22:27:13.677',20,42),(1120,_binary '','hi',550,'2022-08-18T14:09:07.123',37,45),(1187,_binary '',NULL,NULL,'2022-08-18T11:48:36.011',1,47),(1217,_binary '','안녕하세요',556,'2022-08-18T15:21:00.920',15,42),(1235,_binary '','ㄲㄲ',585,'2022-08-18T15:22:38.461',1,17),(1239,_binary '','전 벙글입니다 ㅎㅎㅎ',771,'2022-08-18T22:34:46.008',11,42),(1245,_binary '','hihihi',675,'2022-08-18T17:29:36.758',21,22),(1247,_binary '',NULL,NULL,'2022-08-18T16:09:48.283',50,51),(1249,_binary '',NULL,NULL,'2022-08-18T16:15:38.945',51,52),(1347,_binary '','ㅎ',737,'2022-08-18T20:20:59.185',10,11),(1373,_binary '','SSAFY!',783,'2022-08-18T22:42:02.744',42,61);
/*!40000 ALTER TABLE `chat_room` ENABLE KEYS */;
UNLOCK TABLES;

--
-- Table structure for table `meeting_queue`
--

DROP TABLE IF EXISTS `meeting_queue`;
/*!40101 SET @saved_cs_client     = @@character_set_client */;
/*!50503 SET character_set_client = utf8mb4 */;
CREATE TABLE `meeting_queue` (
  `id` bigint NOT NULL AUTO_INCREMENT,
  `gender` varchar(10) DEFAULT NULL,
  `sessionid` varchar(255) DEFAULT NULL,
  `userid` varchar(255) DEFAULT NULL,
  PRIMARY KEY (`id`)
) ENGINE=InnoDB AUTO_INCREMENT=2414 DEFAULT CHARSET=utf8mb3;
/*!40101 SET character_set_client = @saved_cs_client */;

--
-- Dumping data for table `meeting_queue`
--

LOCK TABLES `meeting_queue` WRITE;
/*!40000 ALTER TABLE `meeting_queue` DISABLE KEYS */;
/*!40000 ALTER TABLE `meeting_queue` ENABLE KEYS */;
UNLOCK TABLES;

--
-- Table structure for table `message`
--

DROP TABLE IF EXISTS `message`;
/*!40101 SET @saved_cs_client     = @@character_set_client */;
/*!50503 SET character_set_client = utf8mb4 */;
CREATE TABLE `message` (
  `id` bigint NOT NULL AUTO_INCREMENT,
  `chatroom_id` bigint DEFAULT NULL,
  `sender_id` bigint DEFAULT NULL,
  `content` varchar(255) DEFAULT NULL,
  PRIMARY KEY (`id`)
) ENGINE=InnoDB AUTO_INCREMENT=784 DEFAULT CHARSET=utf8mb3;
/*!40101 SET character_set_client = @saved_cs_client */;

--
-- Dumping data for table `message`
--

LOCK TABLES `message` WRITE;
/*!40000 ALTER TABLE `message` DISABLE KEYS */;
INSERT INTO `message` VALUES (48,11,1,'chat'),(49,11,1,'helllo'),(68,11,1,'hello'),(69,32,1,'hello'),(70,32,1,'he'),(71,32,1,'he'),(72,32,1,'he'),(73,32,1,'7'),(74,32,1,'7'),(75,32,1,'7'),(76,32,1,'123'),(77,32,1,'as'),(87,32,7,'i\'m user7'),(88,32,7,'user7 chatting'),(107,33,1,'asd'),(143,32,1,'as'),(144,32,1,'as'),(303,608,15,'asd'),(304,608,15,'asd'),(305,608,15,'asd'),(306,607,1,'as'),(307,607,1,'as'),(308,607,1,'as'),(309,607,1,'as'),(310,607,1,'as'),(313,610,1,'chat'),(314,610,1,'chat'),(383,380,1,'hello'),(384,380,1,'ho'),(385,380,1,'nice to meet you'),(386,651,1,'hello'),(387,651,1,'안녕하세요'),(388,651,1,'반갑습니다'),(389,NULL,15,'hello'),(390,NULL,15,'im hyun'),(391,NULL,15,'hello'),(392,NULL,15,'hi'),(393,NULL,15,'asdf'),(394,NULL,15,'asdf'),(395,NULL,15,'sadf'),(396,NULL,15,'sadf'),(397,NULL,15,'sadf'),(398,NULL,15,'asdf'),(399,651,15,'안녕하세요'),(400,651,15,'!'),(401,651,15,'반가워요'),(402,NULL,1,'as'),(403,NULL,1,'as'),(409,NULL,9,'as'),(410,NULL,9,'as'),(411,NULL,9,'as'),(412,NULL,9,'as'),(413,NULL,9,'as'),(414,NULL,9,'as'),(415,NULL,9,'as'),(416,649,10,'안녕하세요'),(417,649,11,'안녕하세요'),(418,NULL,10,'hi'),(419,NULL,10,'hi'),(420,658,11,'hello'),(421,NULL,10,'hhdsfsdf'),(427,658,10,'hello'),(428,658,11,'hi'),(429,658,10,'1234'),(430,658,11,'1234'),(431,610,1,'as'),(432,610,1,'as'),(433,610,1,'as'),(434,610,1,'as'),(451,651,1,'안녕하세요!!'),(465,789,18,'안녕하세요ㅎㅎ'),(466,789,18,'잠은 잘 주무셨나요?'),(467,789,1,'반가워요'),(468,789,1,'ㅎㅎ'),(486,1034,1,'hello'),(487,1034,1,'hi'),(488,1034,9,'hi'),(489,1034,9,'nice to meet you'),(490,1034,1,'hi'),(491,1034,1,'noce to meet you'),(492,1045,45,'안녕하세요'),(493,1045,45,'백승훈입니다'),(494,1045,45,'반가워요'),(495,1045,46,'네 안녕하세요'),(496,1045,46,'female'),(497,1045,46,'test'),(498,1045,46,'user'),(499,1045,45,'hi'),(500,1045,45,'helo'),(501,1045,45,'hello'),(502,1045,45,'hei'),(503,1045,45,'hi'),(504,1120,45,'asdf'),(505,1120,45,'as'),(506,1120,45,'df'),(507,1120,45,'asdf'),(508,1120,45,'asdf'),(509,1120,45,'asd'),(510,1120,45,'fa'),(511,1120,45,'sf'),(512,1120,45,'asd'),(513,1120,45,'f'),(514,1120,45,'asdf'),(515,1120,45,'as'),(516,1120,45,'fa'),(517,1120,45,'sfd'),(518,1120,45,'as'),(519,1120,45,'df'),(520,1120,45,'asd'),(521,1120,45,'fas'),(522,1120,45,'f'),(550,1120,45,'hi'),(551,1235,1,'안녕하세요'),(552,1235,1,'반가워요'),(553,1235,1,'안보이시나요?'),(554,1235,17,'보여요'),(555,1235,1,'반갑습니다'),(556,1217,42,'안녕하세요'),(557,1235,1,'배경'),(558,1235,1,'바꼇나요?'),(559,1235,17,'네'),(560,1235,17,'오'),(561,1235,1,'마이크'),(562,1235,1,'껐는데'),(563,1235,1,'들려?'),(564,1235,17,'안들려'),(565,1235,17,'안들려'),(566,1235,1,'ㅇㅋㅇㅋ'),(567,1237,37,'안녕하세요'),(568,1235,17,'ㅎㅇㅎ'),(569,1235,17,'ㅇㅎㅇㅎㅇㅎㅇㅎ'),(570,1235,1,'반가웠어요'),(571,1235,1,'ㅋㅋㅋㅋㅋㅋㅋㅋㅋㅋㅋㅋㅋㅋㅋ'),(572,1237,18,'반가워요'),(573,1237,18,'!'),(574,1235,17,'ㅋㅋㅋㅋ'),(575,1235,17,'아 이거'),(576,1235,1,'생각보다'),(577,1235,1,'재밌네'),(578,1235,17,'그렇네 아 이거 근데 채팅왔을때'),(579,1235,17,'알수가 없는게 좀 아쉽네'),(580,1235,1,'아'),(581,1235,1,'알람을'),(582,1235,17,'알림이없어서'),(583,1235,17,'ㄲㅂ'),(584,1235,1,'그렇네'),(585,1235,1,'ㄲㄲ'),(586,1239,11,'ㅎㅇ'),(587,1239,11,'ㅎㅇ'),(588,1239,11,'ㅎㅇ'),(589,1239,11,'ㅎㅇ'),(590,1239,11,'ㅎㅇ'),(591,1239,42,'ㅎㅇㅎㅇ'),(592,1239,42,'ㅎㅇㅎㅇ'),(593,1239,42,'ㅎㅇㅎㅇ'),(594,1239,42,'ㅎㅇㅎㅇ'),(595,1239,42,'반갑습니다'),(596,1045,46,'hello'),(597,37,21,'hi'),(598,1245,22,'안녕하세요'),(599,1245,21,'hi'),(600,1245,22,'hi'),(601,1245,21,'hi'),(637,1308,55,'hello'),(638,1308,55,'hi'),(639,1308,55,'nice'),(640,1308,55,'to'),(641,1308,55,'mee'),(642,1308,55,'t'),(643,1307,46,'you'),(644,1307,46,'hello'),(645,1307,46,'asd'),(646,1307,46,'asd'),(647,1307,46,'ads'),(648,1307,46,'ad'),(649,1312,46,'asd'),(650,1312,46,'asd'),(651,1312,46,'asd'),(652,1312,46,'asd'),(653,1312,46,'asd'),(654,1312,46,'asd'),(655,1312,46,'asd'),(656,1311,18,'ㅇㄴㄴ\\'),(657,1311,18,'ㅎㅇㄴㅇㅎㄴㅇㅎ'),(658,1311,18,'ㄴㅇㅎㄴㅇㅎㄴㅇ리나드리ㅏㄴㄷ르'),(659,1314,10,'ㄴㅁㄹㅇㄹ'),(660,1313,11,'ㅁㄴㅇㄻㄴㅇㄹ'),(661,1245,22,'hi'),(662,1245,21,'test'),(663,1245,21,'hi'),(664,1245,22,'hello'),(665,1245,22,'chat test'),(666,1245,21,'blacktest1 send'),(667,1245,22,'blacktest2 send'),(668,1245,22,'ㅁㄴㅇㄹ'),(669,1245,21,'ㅁㄴㅇㄹ'),(670,1245,22,'hihi'),(675,1245,21,'hihihi'),(734,1347,10,'안녕하세요'),(735,1347,11,'안녕하세요'),(736,1347,10,'ㅎ'),(737,1347,11,'ㅎ'),(765,1118,42,'ㅋㅋㅋㅋㅋㅋㅋㅋㅋ'),(766,1239,42,'안녕하세요'),(767,1239,42,'종현이예요'),(768,1239,11,'반가워요 ^^'),(769,1239,42,'싱글이세요??'),(770,1239,11,'네??'),(771,1239,42,'전 벙글입니다 ㅎㅎㅎ'),(772,1373,61,'gdg'),(773,1373,61,'ㅎㅇㅎ'),(774,1373,61,'ㅇㅎ'),(775,1373,61,'ㅇㅎ'),(776,1373,61,'ㅇ'),(777,1373,61,'ㅎ'),(778,1373,61,'ㅇㅎ'),(779,1373,42,'SSAFY!!'),(780,1373,61,'hello'),(781,1373,61,'hi'),(782,1373,42,'SSAFT!!'),(783,1373,42,'SSAFY!');
/*!40000 ALTER TABLE `message` ENABLE KEYS */;
UNLOCK TABLES;

--
-- Table structure for table `statistics`
--

DROP TABLE IF EXISTS `statistics`;
/*!40101 SET @saved_cs_client     = @@character_set_client */;
/*!50503 SET character_set_client = utf8mb4 */;
CREATE TABLE `statistics` (
  `id` bigint NOT NULL AUTO_INCREMENT,
  `date` varchar(255) DEFAULT NULL,
  `date_day` int NOT NULL,
  `date_month` int NOT NULL,
  `date_year` int NOT NULL,
  `matched` bit(1) DEFAULT b'0',
  `start_time` varchar(255) DEFAULT NULL,
  `start_time_hour` int NOT NULL,
  `start_time_min` int NOT NULL,
  `start_time_sec` int NOT NULL,
  `used_time` int NOT NULL,
  `userid1` bigint DEFAULT NULL,
  `userid2` bigint DEFAULT NULL,
  PRIMARY KEY (`id`)
) ENGINE=InnoDB AUTO_INCREMENT=917 DEFAULT CHARSET=utf8mb3;
/*!40101 SET character_set_client = @saved_cs_client */;

--
-- Dumping data for table `statistics`
--

LOCK TABLES `statistics` WRITE;
/*!40000 ALTER TABLE `statistics` DISABLE KEYS */;
INSERT INTO `statistics` VALUES (1,'2022-8-14',14,8,2022,_binary '','22:45:49',22,45,49,33,1,9),(3,'2022-8-14',14,8,2022,_binary '','19:48:10',19,48,10,64,1,11),(4,'2022-8-14',14,8,2022,_binary '','20:54:30',20,54,30,33,1,12),(5,'2022-8-14',14,8,2022,_binary '','20:54:39',20,54,39,95,1,13),(6,'2022-8-14',14,8,2022,_binary '','21:54:46',21,54,46,44,1,14),(7,'2022-8-14',14,8,2022,_binary '','06:54:51',6,54,51,54,1,15),(8,'2022-8-14',14,8,2022,_binary '','23:55:0',23,55,0,37,1,16),(9,'2022-08-14',14,8,2022,_binary '','18:21:22',18,21,22,132,1,17),(10,'2022-08-14',14,8,2022,_binary '\0','20:21:22',20,21,22,132,1,18),(11,'2022-08-14',14,8,2022,_binary '','17:21:22',17,21,22,132,1,19),(12,'2022-08-14',14,8,2022,_binary '\0','21:21:22',21,21,22,132,1,20),(13,'2022-08-14',14,8,2022,_binary '\0','20:21:22',20,21,22,132,1,21),(14,'2022-08-14',14,8,2022,_binary '','22:21:22',22,21,22,132,1,22),(15,'2022-8-15',15,8,2022,_binary '\0','14:15:26',14,15,26,0,9,1),(16,'2022-8-15',15,8,2022,_binary '\0','14:15:26',14,15,26,0,1,9),(17,'2022-8-15',15,8,2022,_binary '\0','14:29:28',14,29,28,0,9,1),(18,'2022-8-15',15,8,2022,_binary '\0','14:29:28',14,29,28,0,1,9),(19,'2022-8-15',15,8,2022,_binary '\0','14:38:51',14,38,51,0,9,1),(20,'2022-8-15',15,8,2022,_binary '\0','14:38:51',14,38,51,0,1,9),(21,'2022-8-15',15,8,2022,_binary '\0','14:58:53',14,58,53,0,1,9),(22,'2022-8-15',15,8,2022,_binary '\0','14:58:53',14,58,53,0,9,1),(23,'2022-8-15',15,8,2022,_binary '\0','15:2:13',2,2,13,0,9,1),(24,'2022-8-15',15,8,2022,_binary '\0','15:2:13',2,2,13,0,1,9),(25,'2022-8-15',15,8,2022,_binary '\0','15:5:32',2,5,32,0,9,1),(26,'2022-8-15',15,8,2022,_binary '\0','15:5:32',2,5,32,0,1,9),(27,'2022-8-15',15,8,2022,_binary '\0','15:10:6',2,10,6,0,9,1),(28,'2022-8-15',15,8,2022,_binary '\0','15:10:6',2,10,6,0,1,9),(29,'2022-8-15',15,8,2022,_binary '\0','16:2:57',2,2,57,0,37,36),(30,'2022-8-15',15,8,2022,_binary '\0','16:6:51',2,6,51,0,37,36),(31,'2022-8-15',15,8,2022,_binary '\0','16:11:50',16,11,50,0,37,36),(32,'2022-8-15',15,8,2022,_binary '\0','16:18:43',16,18,43,0,37,36),(33,'2022-8-15',15,8,2022,_binary '\0','16:19:55',16,19,55,0,37,36),(34,'2022-8-15',15,8,2022,_binary '\0','16:20:59',16,20,59,0,37,36),(35,'2022-8-15',15,8,2022,_binary '\0','16:22:15',16,22,15,0,37,36),(36,'2022-8-15',15,8,2022,_binary '\0','16:23:37',16,23,37,0,37,36),(37,'2022-8-15',15,8,2022,_binary '\0','16:25:42',16,25,42,0,37,36),(38,'2022-8-15',15,8,2022,_binary '\0','20:9:38',20,9,38,0,1,9),(39,'2022-8-15',15,8,2022,_binary '\0','20:9:38',20,9,38,0,9,1),(40,'2022-8-15',15,8,2022,_binary '\0','20:29:3',20,29,3,0,9,1),(41,'2022-8-15',15,8,2022,_binary '\0','20:29:3',20,29,3,0,1,9),(42,'2022-8-15',15,8,2022,_binary '\0','20:35:41',20,35,41,0,1,9),(43,'2022-8-15',15,8,2022,_binary '\0','20:35:41',20,35,41,0,9,1),(44,'2022-8-15',15,8,2022,_binary '\0','22:36:16',22,36,16,0,9,1),(45,'2022-8-15',15,8,2022,_binary '\0','22:36:16',22,36,16,0,1,9),(46,'2022-8-15',15,8,2022,_binary '\0','22:43:25',22,43,25,0,1,9),(47,'2022-8-15',15,8,2022,_binary '\0','22:43:25',22,43,25,0,9,1),(48,'2022-8-15',15,8,2022,_binary '\0','22:46:38',22,46,38,0,9,1),(49,'2022-8-15',15,8,2022,_binary '\0','22:46:38',22,46,38,0,1,9),(50,'2022-8-15',15,8,2022,_binary '\0','22:50:21',22,50,21,0,1,9),(51,'2022-8-15',15,8,2022,_binary '\0','22:50:21',22,50,21,0,9,1),(52,'2022-8-15',15,8,2022,_binary '\0','22:56:11',22,56,11,0,1,9),(53,'2022-8-15',15,8,2022,_binary '\0','22:56:11',22,56,11,0,9,1),(54,'2022-8-15',15,8,2022,_binary '\0','23:17:39',23,17,39,0,1,9),(55,'2022-8-15',15,8,2022,_binary '\0','23:17:39',23,17,39,0,9,1),(56,'2022-8-15',15,8,2022,_binary '\0','23:19:56',23,19,56,0,9,1),(57,'2022-8-15',15,8,2022,_binary '\0','23:19:56',23,19,56,0,1,9),(58,'2022-8-15',15,8,2022,_binary '\0','23:29:54',23,29,54,0,1,9),(59,'2022-8-15',15,8,2022,_binary '\0','23:29:54',23,29,54,0,9,1),(60,'2022-8-15',15,8,2022,_binary '\0','23:37:53',23,37,53,0,9,1),(61,'2022-8-15',15,8,2022,_binary '\0','23:37:53',23,37,53,0,1,9),(62,'2022-8-15',15,8,2022,_binary '\0','23:40:40',23,40,40,0,9,1),(63,'2022-8-15',15,8,2022,_binary '\0','23:40:40',23,40,40,0,1,9),(64,'2022-8-15',15,8,2022,_binary '\0','23:42:53',23,42,53,0,1,9),(65,'2022-8-15',15,8,2022,_binary '\0','23:42:53',23,42,53,0,9,1),(66,'2022-8-15',15,8,2022,_binary '\0','23:45:7',23,45,7,0,9,1),(67,'2022-8-15',15,8,2022,_binary '\0','23:45:7',23,45,7,0,1,9),(68,'2022-8-15',15,8,2022,_binary '\0','23:48:47',23,48,47,0,9,1),(69,'2022-8-15',15,8,2022,_binary '\0','23:48:47',23,48,47,0,1,9),(70,'2022-8-15',15,8,2022,_binary '\0','23:55:2',23,55,2,0,9,1),(71,'2022-8-15',15,8,2022,_binary '\0','23:55:2',23,55,2,0,1,9),(72,'2022-8-15',15,8,2022,_binary '\0','23:57:36',23,57,36,0,9,1),(73,'2022-8-15',15,8,2022,_binary '\0','23:57:36',23,57,36,0,1,9),(74,'2022-8-15',15,8,2022,_binary '\0','23:59:26',23,59,26,0,9,1),(75,'2022-8-15',15,8,2022,_binary '\0','23:59:26',23,59,26,0,1,9),(76,'2022-8-16',16,8,2022,_binary '\0','0:2:52',0,2,52,0,9,1),(77,'2022-8-16',16,8,2022,_binary '\0','0:2:52',0,2,52,0,1,9),(78,'2022-8-16',16,8,2022,_binary '\0','0:12:18',0,12,18,0,9,1),(79,'2022-8-16',16,8,2022,_binary '\0','0:12:18',0,12,18,0,1,9),(80,'2022-8-16',16,8,2022,_binary '\0','0:21:54',0,21,54,0,9,1),(81,'2022-8-16',16,8,2022,_binary '\0','0:21:54',0,21,54,0,1,9),(82,'2022-8-16',16,8,2022,_binary '\0','0:23:39',0,23,39,0,9,1),(83,'2022-8-16',16,8,2022,_binary '\0','0:23:39',0,23,39,0,1,9),(84,'2022-8-16',16,8,2022,_binary '\0','0:28:38',0,28,38,0,9,1),(85,'2022-8-16',16,8,2022,_binary '\0','0:28:38',0,28,38,0,1,9),(86,'2022-8-16',16,8,2022,_binary '\0','1:7:9',1,7,9,0,9,1),(87,'2022-8-16',16,8,2022,_binary '\0','1:7:9',1,7,9,0,1,9),(88,'2022-8-16',16,8,2022,_binary '\0','1:41:31',1,41,31,0,9,1),(89,'2022-8-16',16,8,2022,_binary '\0','1:41:31',1,41,31,0,1,9),(90,'2022-8-16',16,8,2022,_binary '\0','1:42:43',1,42,43,0,9,1),(91,'2022-8-16',16,8,2022,_binary '\0','1:42:43',1,42,43,0,1,9),(92,'2022-8-16',16,8,2022,_binary '\0','1:44:37',1,44,37,0,9,1),(93,'2022-8-16',16,8,2022,_binary '\0','1:44:37',1,44,37,0,1,9),(94,'2022-8-16',16,8,2022,_binary '\0','10:20:4',10,20,4,0,9,1),(95,'2022-8-16',16,8,2022,_binary '\0','10:21:46',10,21,46,0,9,1),(96,'2022-8-16',16,8,2022,_binary '\0','10:42:13',10,42,13,0,1,9),(97,'2022-8-16',16,8,2022,_binary '\0','10:42:13',22,42,13,0,9,1),(98,'2022-8-16',16,8,2022,_binary '\0','10:54:38',22,54,38,0,9,1),(99,'2022-8-16',16,8,2022,_binary '\0','10:54:38',22,54,38,0,1,9),(100,'2022-8-16',16,8,2022,_binary '\0','11:9:44',1,9,44,0,1,9),(101,'2022-8-16',16,8,2022,_binary '\0','11:9:44',1,9,44,0,9,1),(102,'2022-8-16',16,8,2022,_binary '\0','11:14:9',1,14,9,0,1,9),(103,'2022-8-16',16,8,2022,_binary '\0','11:14:9',1,14,9,0,9,1),(104,'2022-8-16',16,8,2022,_binary '\0','11:21:23',1,21,23,0,1,9),(105,'2022-8-16',16,8,2022,_binary '\0','11:21:23',1,21,23,0,9,1),(106,'2022-8-16',16,8,2022,_binary '\0','11:26:9',1,26,9,0,1,9),(107,'2022-8-16',16,8,2022,_binary '\0','11:26:9',1,26,9,0,9,1),(108,'2022-8-16',16,8,2022,_binary '\0','11:32:15',1,32,15,0,1,9),(109,'2022-8-16',16,8,2022,_binary '\0','11:32:15',17,32,15,0,9,1),(110,'2022-8-16',16,8,2022,_binary '\0','11:33:57',17,33,57,0,1,9),(111,'2022-8-16',16,8,2022,_binary '\0','11:33:57',17,33,57,0,9,1),(112,'2022-8-16',16,8,2022,_binary '\0','15:40:24',15,40,24,0,9,1),(113,'2022-8-16',16,8,2022,_binary '\0','15:40:24',15,40,24,0,1,9),(114,'2022-8-16',16,8,2022,_binary '\0','16:41:8',16,41,8,0,9,1),(115,'2022-8-16',16,8,2022,_binary '\0','16:41:8',16,41,8,0,1,9),(118,'2022-8-16',16,8,2022,_binary '\0','19:14:44',19,14,44,0,1,9),(119,'2022-8-16',16,8,2022,_binary '\0','19:14:44',19,14,44,0,9,1),(120,'2022-8-16',16,8,2022,_binary '\0','19:16:34',19,16,34,0,1,9),(121,'2022-8-16',16,8,2022,_binary '\0','19:16:34',19,16,34,0,9,1),(122,'2022-8-16',16,8,2022,_binary '\0','19:17:35',19,17,35,0,9,1),(123,'2022-8-16',16,8,2022,_binary '\0','19:17:35',19,17,35,0,1,9),(124,'2022-8-16',16,8,2022,_binary '\0','19:23:22',19,23,22,0,9,1),(125,'2022-8-16',16,8,2022,_binary '\0','19:23:22',19,23,22,0,1,9),(126,'2022-8-16',16,8,2022,_binary '\0','19:24:40',19,24,40,0,1,9),(127,'2022-8-16',16,8,2022,_binary '\0','19:24:40',19,24,40,0,9,1),(128,'2022-8-16',16,8,2022,_binary '\0','19:27:13',19,27,13,0,1,9),(129,'2022-8-16',16,8,2022,_binary '\0','19:27:13',19,27,13,0,9,1),(131,'2022-8-16',16,8,2022,_binary '\0','19:28:8',19,28,8,0,1,9),(132,'2022-8-16',16,8,2022,_binary '\0','19:29:7',19,29,7,0,9,1),(133,'2022-8-16',16,8,2022,_binary '\0','19:29:7',19,29,7,0,1,9),(134,'2022-8-16',16,8,2022,_binary '\0','19:30:14',19,30,14,0,1,9),(135,'2022-8-16',16,8,2022,_binary '\0','19:30:14',19,30,14,0,9,1),(136,'2022-8-16',16,8,2022,_binary '\0','19:43:53',19,43,53,0,9,1),(137,'2022-8-16',16,8,2022,_binary '\0','19:43:53',19,43,53,0,1,9),(138,'2022-8-16',16,8,2022,_binary '\0','19:45:1',19,45,1,0,9,1),(139,'2022-8-16',16,8,2022,_binary '\0','19:45:1',19,45,1,0,1,9),(140,'2022-8-16',16,8,2022,_binary '\0','19:45:52',19,45,52,0,9,1),(141,'2022-8-16',16,8,2022,_binary '\0','19:45:52',19,45,52,0,1,9),(142,'2022-8-16',16,8,2022,_binary '\0','19:46:25',19,46,25,0,9,1),(143,'2022-8-16',16,8,2022,_binary '\0','19:46:25',19,46,25,0,1,9),(144,'2022-8-16',16,8,2022,_binary '\0','19:50:6',19,50,6,0,9,1),(145,'2022-8-16',16,8,2022,_binary '\0','19:50:6',19,50,6,0,1,9),(146,'2022-8-16',16,8,2022,_binary '\0','19:55:28',19,55,28,0,9,1),(147,'2022-8-16',16,8,2022,_binary '\0','19:55:28',19,55,28,0,1,9),(148,'2022-8-16',16,8,2022,_binary '\0','19:58:5',19,58,5,0,9,1),(149,'2022-8-16',16,8,2022,_binary '\0','19:58:5',19,58,5,0,1,9),(150,'2022-8-16',16,8,2022,_binary '\0','20:0:10',20,0,10,0,1,9),(151,'2022-8-16',16,8,2022,_binary '\0','20:0:10',20,0,10,0,9,1),(153,'2022-8-16',16,8,2022,_binary '\0','20:2:36',20,2,36,0,1,9),(154,'2022-8-16',16,8,2022,_binary '\0','20:5:30',20,5,30,0,1,9),(155,'2022-8-16',16,8,2022,_binary '\0','20:5:30',20,5,30,0,9,1),(156,'2022-8-16',16,8,2022,_binary '\0','20:9:24',20,9,24,0,1,9),(157,'2022-8-16',16,8,2022,_binary '\0','20:9:24',20,9,24,0,9,1),(158,'2022-8-16',16,8,2022,_binary '\0','20:12:48',20,12,48,0,1,9),(159,'2022-8-16',16,8,2022,_binary '\0','20:12:48',20,12,48,0,9,1),(160,'2022-8-16',16,8,2022,_binary '\0','20:13:40',20,13,40,0,9,1),(161,'2022-8-16',16,8,2022,_binary '\0','20:13:40',20,13,40,0,1,9),(162,'2022-8-16',16,8,2022,_binary '\0','20:16:51',20,16,51,0,1,9),(163,'2022-8-16',16,8,2022,_binary '\0','20:16:51',20,16,51,0,9,1),(164,'2022-8-16',16,8,2022,_binary '\0','20:18:26',20,18,26,0,1,9),(166,'2022-8-16',16,8,2022,_binary '\0','20:19:23',20,19,23,0,1,9),(167,'2022-8-16',16,8,2022,_binary '\0','20:19:23',20,19,23,0,9,1),(168,'2022-8-16',16,8,2022,_binary '\0','21:0:13',21,0,13,0,1,9),(169,'2022-8-16',16,8,2022,_binary '\0','21:0:13',21,0,13,0,9,1),(170,'2022-8-17',17,8,2022,_binary '\0','10:45:51',1,45,51,0,1,9),(171,'2022-8-17',17,8,2022,_binary '\0','10:45:51',1,45,51,0,9,1),(172,'2022-8-17',17,8,2022,_binary '\0','10:50:54',1,50,54,0,9,1),(173,'2022-8-17',17,8,2022,_binary '\0','10:50:54',1,50,54,0,1,9),(174,'2022-8-17',17,8,2022,_binary '\0','10:53:41',1,53,41,0,1,9),(175,'2022-8-17',17,8,2022,_binary '\0','10:53:41',1,53,41,0,9,1),(176,'2022-8-17',17,8,2022,_binary '\0','10:57:22',1,57,22,0,9,1),(177,'2022-8-17',17,8,2022,_binary '\0','10:57:22',1,57,22,0,1,9),(178,'2022-8-17',17,8,2022,_binary '\0','10:58:39',1,58,39,0,9,1),(179,'2022-8-17',17,8,2022,_binary '\0','10:58:39',10,58,39,0,1,9),(180,'2022-8-17',17,8,2022,_binary '\0','11:2:21',17,2,21,0,1,9),(181,'2022-8-17',17,8,2022,_binary '\0','11:2:21',17,2,21,0,9,1),(182,'2022-8-17',17,8,2022,_binary '\0','11:10:14',17,10,14,0,9,1),(183,'2022-8-17',17,8,2022,_binary '\0','11:10:14',17,10,14,0,1,9),(184,'2022-8-17',17,8,2022,_binary '\0','11:12:26',17,12,26,0,1,9),(185,'2022-8-17',17,8,2022,_binary '\0','11:12:26',17,12,26,0,9,1),(186,'2022-8-17',17,8,2022,_binary '\0','11:17:20',0,17,20,0,1,9),(187,'2022-8-17',17,8,2022,_binary '\0','11:17:20',0,17,20,0,9,1),(188,'2022-8-17',17,8,2022,_binary '\0','11:18:22',0,18,22,0,1,9),(189,'2022-8-17',17,8,2022,_binary '\0','11:18:22',0,18,22,0,9,1),(190,'2022-8-17',17,8,2022,_binary '\0','11:22:50',0,22,50,0,9,1),(191,'2022-8-17',17,8,2022,_binary '\0','11:22:50',0,22,50,0,1,9),(192,'2022-8-17',17,8,2022,_binary '\0','11:32:28',0,32,28,0,9,1),(193,'2022-8-17',17,8,2022,_binary '\0','11:32:28',2,32,28,0,1,9),(194,'2022-8-17',17,8,2022,_binary '\0','11:34:32',2,34,32,0,1,9),(195,'2022-8-17',17,8,2022,_binary '\0','11:34:32',3,34,32,0,9,1),(196,'2022-8-17',17,8,2022,_binary '\0','11:36:50',3,36,50,0,1,9),(197,'2022-8-17',17,8,2022,_binary '\0','11:36:50',4,36,50,0,9,1),(198,'2022-8-17',17,8,2022,_binary '\0','11:37:48',5,37,48,0,9,1),(199,'2022-8-17',17,8,2022,_binary '\0','11:37:48',6,37,48,0,1,9),(200,'2022-8-17',17,8,2022,_binary '\0','11:39:14',22,39,14,0,1,9),(201,'2022-8-17',17,8,2022,_binary '\0','11:39:14',22,39,14,0,9,1),(202,'2022-8-17',17,8,2022,_binary '\0','11:40:28',18,40,28,0,1,9),(203,'2022-8-17',17,8,2022,_binary '\0','11:40:28',11,40,28,0,9,1),(204,'2022-8-17',17,8,2022,_binary '\0','11:42:37',18,42,37,0,1,9),(205,'2022-8-17',17,8,2022,_binary '\0','11:42:37',18,42,37,0,9,1),(206,'2022-8-17',17,8,2022,_binary '\0','11:50:18',18,50,18,0,9,1),(207,'2022-8-17',17,8,2022,_binary '\0','11:50:18',18,50,18,0,1,9),(208,'2022-8-17',17,8,2022,_binary '\0','11:52:3',18,52,3,0,1,9),(209,'2022-8-17',17,8,2022,_binary '\0','11:52:3',18,52,3,0,9,1),(210,'2022-8-17',17,8,2022,_binary '\0','12:55:29',12,55,29,0,11,10),(211,'2022-8-17',17,8,2022,_binary '\0','12:55:29',12,55,29,0,10,11),(212,'2022-8-17',17,8,2022,_binary '\0','13:19:30',13,19,30,0,9,1),(213,'2022-8-17',17,8,2022,_binary '\0','13:19:30',13,19,30,0,1,9),(214,'2022-8-17',17,8,2022,_binary '\0','13:59:39',13,59,39,0,9,1),(215,'2022-8-17',17,8,2022,_binary '\0','13:59:39',13,59,39,0,1,9),(216,'2022-8-17',17,8,2022,_binary '\0','14:11:21',14,11,21,0,1,9),(217,'2022-8-17',17,8,2022,_binary '\0','14:11:21',14,11,21,0,9,1),(218,'2022-8-17',17,8,2022,_binary '\0','14:22:45',14,22,45,0,1,9),(219,'2022-8-17',17,8,2022,_binary '\0','14:22:45',14,22,45,0,9,1),(220,'2022-8-17',17,8,2022,_binary '\0','14:50:58',14,50,58,0,1,44),(221,'2022-8-17',17,8,2022,_binary '\0','14:50:58',14,50,58,0,44,1),(222,'2022-8-17',17,8,2022,_binary '\0','14:52:1',14,52,1,0,1,44),(223,'2022-8-17',17,8,2022,_binary '\0','14:52:1',14,52,1,0,44,1),(224,'2022-8-17',17,8,2022,_binary '\0','14:54:42',14,54,42,0,44,1),(225,'2022-8-17',17,8,2022,_binary '\0','14:54:42',14,54,42,0,1,44),(226,'2022-8-17',17,8,2022,_binary '\0','14:56:2',14,56,2,0,44,1),(227,'2022-8-17',17,8,2022,_binary '\0','14:56:2',14,56,2,0,1,44),(228,'2022-8-17',17,8,2022,_binary '\0','14:57:28',14,57,28,0,44,1),(229,'2022-8-17',17,8,2022,_binary '\0','14:57:28',14,57,28,0,1,44),(230,'2022-8-17',17,8,2022,_binary '\0','14:59:24',14,59,24,0,44,1),(231,'2022-8-17',17,8,2022,_binary '\0','14:59:24',14,59,24,0,1,44),(232,'2022-8-17',17,8,2022,_binary '\0','15:0:3',19,0,3,0,1,44),(233,'2022-8-17',17,8,2022,_binary '\0','15:0:3',19,0,3,0,44,1),(234,'2022-8-17',17,8,2022,_binary '\0','15:0:33',19,0,33,0,44,1),(235,'2022-8-17',17,8,2022,_binary '\0','15:0:33',19,0,33,0,1,44),(236,'2022-8-17',17,8,2022,_binary '\0','15:1:34',19,1,34,0,1,44),(237,'2022-8-17',17,8,2022,_binary '\0','15:1:34',19,1,34,0,44,1),(238,'2022-8-17',17,8,2022,_binary '\0','15:2:14',19,2,14,0,44,1),(239,'2022-8-17',17,8,2022,_binary '\0','15:2:14',19,2,14,0,1,44),(240,'2022-8-17',17,8,2022,_binary '\0','15:3:16',19,3,16,0,1,44),(241,'2022-8-17',17,8,2022,_binary '\0','15:3:16',19,3,16,0,44,1),(242,'2022-8-17',17,8,2022,_binary '\0','15:4:16',19,4,16,0,1,44),(243,'2022-8-17',17,8,2022,_binary '\0','15:4:16',19,4,16,0,44,1),(244,'2022-8-17',17,8,2022,_binary '\0','15:4:59',19,4,59,0,44,1),(245,'2022-8-17',17,8,2022,_binary '\0','15:4:59',19,4,59,0,1,44),(246,'2022-8-17',17,8,2022,_binary '\0','15:9:24',19,9,24,0,44,1),(247,'2022-8-17',17,8,2022,_binary '\0','15:9:24',19,9,24,0,1,44),(248,'2022-8-17',17,8,2022,_binary '\0','15:9:56',15,9,56,0,1,44),(249,'2022-8-17',17,8,2022,_binary '\0','15:9:56',15,9,56,0,44,1),(250,'2022-8-17',17,8,2022,_binary '\0','15:10:39',15,10,39,0,37,10),(251,'2022-8-17',17,8,2022,_binary '\0','15:10:39',15,10,39,0,10,37),(252,'2022-8-17',17,8,2022,_binary '\0','15:15:0',15,15,0,0,9,1),(253,'2022-8-17',17,8,2022,_binary '\0','15:15:0',15,15,0,0,1,9),(254,'2022-8-17',17,8,2022,_binary '\0','15:17:20',15,17,20,0,1,9),(255,'2022-8-17',17,8,2022,_binary '\0','15:17:20',15,17,20,0,9,1),(256,'2022-8-17',17,8,2022,_binary '\0','15:21:44',15,21,44,0,9,1),(257,'2022-8-17',17,8,2022,_binary '\0','15:21:44',15,21,44,0,1,9),(258,'2022-8-17',17,8,2022,_binary '\0','15:22:22',15,22,22,0,44,1),(259,'2022-8-17',17,8,2022,_binary '\0','15:22:22',15,22,22,0,1,44),(260,'2022-8-17',17,8,2022,_binary '\0','16:20:39',16,20,39,0,1,44),(261,'2022-8-17',17,8,2022,_binary '\0','16:20:39',16,20,39,0,44,1),(262,'2022-8-17',17,8,2022,_binary '\0','16:21:19',16,21,19,0,44,1),(263,'2022-8-17',17,8,2022,_binary '\0','16:21:19',16,21,19,0,1,44),(264,'2022-8-17',17,8,2022,_binary '\0','16:25:25',16,25,25,0,10,37),(265,'2022-8-17',17,8,2022,_binary '\0','16:25:25',16,25,25,0,37,10),(266,'2022-8-17',17,8,2022,_binary '\0','16:26:45',16,26,45,0,37,10),(267,'2022-8-17',17,8,2022,_binary '\0','16:26:45',16,26,45,0,10,37),(268,'2022-8-17',17,8,2022,_binary '\0','16:37:40',16,37,40,0,9,1),(269,'2022-8-17',17,8,2022,_binary '\0','16:37:40',16,37,40,0,1,9),(270,'2022-8-17',17,8,2022,_binary '\0','16:44:20',16,44,20,0,10,37),(271,'2022-8-17',17,8,2022,_binary '\0','16:44:20',16,44,20,0,37,10),(272,'2022-8-17',17,8,2022,_binary '\0','16:45:33',16,45,33,0,10,37),(273,'2022-8-17',17,8,2022,_binary '\0','16:45:33',16,45,33,0,37,10),(274,'2022-8-17',17,8,2022,_binary '\0','16:48:15',16,48,15,0,37,10),(275,'2022-8-17',17,8,2022,_binary '\0','16:48:15',16,48,15,0,10,37),(276,'2022-8-17',17,8,2022,_binary '\0','16:50:34',16,50,34,0,10,37),(277,'2022-8-17',17,8,2022,_binary '\0','16:50:34',16,50,34,0,37,10),(278,'2022-8-17',17,8,2022,_binary '\0','17:5:19',17,5,19,0,10,37),(279,'2022-8-17',17,8,2022,_binary '\0','17:5:19',17,5,19,0,37,10),(280,'2022-8-17',17,8,2022,_binary '\0','17:6:46',17,6,46,0,10,37),(281,'2022-8-17',17,8,2022,_binary '\0','17:6:46',17,6,46,0,37,10),(282,'2022-8-17',17,8,2022,_binary '\0','17:10:36',17,10,36,0,37,10),(283,'2022-8-17',17,8,2022,_binary '\0','17:10:36',17,10,36,0,10,37),(284,'2022-8-17',17,8,2022,_binary '\0','17:20:36',17,20,36,0,10,37),(285,'2022-8-17',17,8,2022,_binary '\0','17:20:36',17,20,36,0,37,10),(286,'2022-8-17',17,8,2022,_binary '\0','17:26:23',17,26,23,0,10,37),(287,'2022-8-17',17,8,2022,_binary '\0','17:26:23',17,26,23,0,37,10),(288,'2022-8-17',17,8,2022,_binary '\0','17:29:58',17,29,58,0,37,10),(289,'2022-8-17',17,8,2022,_binary '\0','17:29:58',17,29,58,0,10,37),(290,'2022-8-17',17,8,2022,_binary '\0','17:33:19',17,33,19,0,37,10),(291,'2022-8-17',17,8,2022,_binary '\0','17:33:19',17,33,19,0,10,37),(292,'2022-8-17',17,8,2022,_binary '\0','17:34:47',17,34,47,0,37,10),(293,'2022-8-17',17,8,2022,_binary '\0','17:34:47',17,34,47,0,10,37),(294,'2022-8-17',17,8,2022,_binary '\0','17:38:13',17,38,13,0,37,10),(295,'2022-8-17',17,8,2022,_binary '\0','17:38:13',17,38,13,0,10,37),(296,'2022-8-17',17,8,2022,_binary '\0','17:45:14',17,45,14,0,37,10),(297,'2022-8-17',17,8,2022,_binary '\0','17:45:14',17,45,14,0,10,37),(298,'2022-8-17',17,8,2022,_binary '\0','20:13:2',20,13,2,0,37,10),(299,'2022-8-17',17,8,2022,_binary '\0','20:13:2',20,13,2,0,10,37),(300,'2022-8-17',17,8,2022,_binary '\0','20:27:20',20,27,20,0,10,37),(301,'2022-8-17',17,8,2022,_binary '\0','20:27:20',20,27,20,0,37,10),(302,'2022-8-17',17,8,2022,_binary '\0','20:29:59',20,29,59,0,10,37),(303,'2022-8-17',17,8,2022,_binary '\0','20:29:59',20,29,59,0,37,10),(304,'2022-8-17',17,8,2022,_binary '\0','20:33:28',20,33,28,0,37,10),(305,'2022-8-17',17,8,2022,_binary '\0','20:33:28',20,33,28,0,10,37),(308,'2022-8-17',17,8,2022,_binary '\0','20:35:27',20,35,27,0,10,37),(309,'2022-8-17',17,8,2022,_binary '\0','20:35:27',20,35,27,0,37,10),(310,'2022-8-17',17,8,2022,_binary '\0','20:40:27',20,40,27,0,37,10),(311,'2022-8-17',17,8,2022,_binary '\0','20:40:27',20,40,27,0,10,37),(312,'2022-8-17',17,8,2022,_binary '\0','20:43:42',20,43,42,0,10,37),(313,'2022-8-17',17,8,2022,_binary '\0','20:43:42',20,43,42,0,37,10),(314,'2022-8-17',17,8,2022,_binary '\0','20:46:46',20,46,46,0,37,10),(315,'2022-8-17',17,8,2022,_binary '\0','20:46:46',20,46,46,0,10,37),(316,'2022-8-17',17,8,2022,_binary '\0','20:50:0',20,50,0,0,10,37),(317,'2022-8-17',17,8,2022,_binary '\0','20:50:0',20,50,0,0,37,10),(318,'2022-8-17',17,8,2022,_binary '\0','20:51:15',20,51,15,0,10,37),(319,'2022-8-17',17,8,2022,_binary '\0','20:51:15',20,51,15,0,37,10),(320,'2022-8-17',17,8,2022,_binary '\0','21:1:11',21,1,11,0,10,37),(321,'2022-8-17',17,8,2022,_binary '\0','21:1:11',21,1,11,0,37,10),(322,'2022-8-17',17,8,2022,_binary '\0','21:3:35',21,3,35,0,10,37),(323,'2022-8-17',17,8,2022,_binary '\0','21:3:35',21,3,35,0,37,10),(324,'2022-8-17',17,8,2022,_binary '\0','21:6:5',21,6,5,0,37,10),(325,'2022-8-17',17,8,2022,_binary '\0','21:6:5',21,6,5,0,10,37),(326,'2022-8-17',17,8,2022,_binary '\0','21:7:19',21,7,19,0,37,10),(327,'2022-8-17',17,8,2022,_binary '\0','21:7:19',21,7,19,0,10,37),(328,'2022-8-17',17,8,2022,_binary '\0','21:26:56',21,26,56,0,37,10),(329,'2022-8-17',17,8,2022,_binary '\0','21:26:56',21,26,56,0,10,37),(330,'2022-8-17',17,8,2022,_binary '\0','21:27:56',21,27,56,0,37,10),(331,'2022-8-17',17,8,2022,_binary '\0','21:27:56',21,27,56,0,10,37),(332,'2022-8-17',17,8,2022,_binary '\0','21:29:19',21,29,19,0,10,37),(333,'2022-8-17',17,8,2022,_binary '\0','21:29:19',21,29,19,0,37,10),(334,'2022-8-17',17,8,2022,_binary '\0','21:39:12',21,39,12,0,37,10),(335,'2022-8-17',17,8,2022,_binary '\0','21:39:12',21,39,12,0,10,37),(336,'2022-8-17',17,8,2022,_binary '\0','21:40:49',21,40,49,0,10,37),(337,'2022-8-17',17,8,2022,_binary '\0','21:40:49',21,40,49,0,37,10),(338,'2022-8-17',17,8,2022,_binary '\0','21:41:49',21,41,49,0,10,37),(339,'2022-8-17',17,8,2022,_binary '\0','21:41:49',21,41,49,0,37,10),(340,'2022-8-17',17,8,2022,_binary '\0','21:42:33',21,42,33,0,10,37),(341,'2022-8-17',17,8,2022,_binary '\0','21:42:33',21,42,33,0,37,10),(342,'2022-8-17',17,8,2022,_binary '\0','21:43:19',21,43,19,0,37,10),(343,'2022-8-17',17,8,2022,_binary '\0','21:43:19',21,43,19,0,10,37),(344,'2022-8-17',17,8,2022,_binary '\0','21:45:6',21,45,6,0,37,10),(345,'2022-8-17',17,8,2022,_binary '\0','21:45:6',21,45,6,0,10,37),(346,'2022-8-17',17,8,2022,_binary '\0','21:48:11',21,48,11,0,10,37),(347,'2022-8-17',17,8,2022,_binary '\0','21:48:11',21,48,11,0,37,10),(348,'2022-8-17',17,8,2022,_binary '\0','21:49:24',21,49,24,0,10,37),(349,'2022-8-17',17,8,2022,_binary '\0','21:49:24',21,49,24,0,37,10),(350,'2022-8-17',17,8,2022,_binary '\0','21:50:18',21,50,18,0,10,37),(351,'2022-8-17',17,8,2022,_binary '\0','21:50:18',21,50,18,0,37,10),(352,'2022-8-17',17,8,2022,_binary '\0','21:52:34',21,52,34,0,37,10),(353,'2022-8-17',17,8,2022,_binary '\0','21:52:34',21,52,34,0,10,37),(354,'2022-8-17',17,8,2022,_binary '\0','22:34:20',22,34,20,0,10,37),(355,'2022-8-17',17,8,2022,_binary '\0','22:34:20',22,34,20,0,37,10),(356,'2022-8-17',17,8,2022,_binary '\0','22:36:41',22,36,41,0,10,37),(357,'2022-8-17',17,8,2022,_binary '\0','22:36:41',22,36,41,0,37,10),(358,'2022-8-17',17,8,2022,_binary '\0','22:43:49',22,43,49,0,10,37),(359,'2022-8-17',17,8,2022,_binary '\0','22:43:49',22,43,49,0,37,10),(360,'2022-8-17',17,8,2022,_binary '\0','23:25:8',23,25,8,0,37,10),(361,'2022-8-17',17,8,2022,_binary '\0','23:25:8',23,25,8,0,10,37),(362,'2022-8-17',17,8,2022,_binary '\0','23:45:7',23,45,7,0,37,10),(363,'2022-8-17',17,8,2022,_binary '\0','23:45:7',23,45,7,0,10,37),(364,'2022-8-18',18,8,2022,_binary '\0','0:22:43',0,22,43,0,37,10),(365,'2022-8-18',18,8,2022,_binary '\0','0:22:43',0,22,43,0,10,37),(366,'2022-8-18',18,8,2022,_binary '\0','0:31:59',0,31,59,0,10,37),(367,'2022-8-18',18,8,2022,_binary '\0','0:31:59',0,31,59,0,37,10),(368,'2022-8-18',18,8,2022,_binary '\0','0:32:48',0,32,48,0,10,37),(369,'2022-8-18',18,8,2022,_binary '\0','0:32:48',0,32,48,0,37,10),(370,'2022-8-18',18,8,2022,_binary '\0','0:35:5',0,35,5,0,10,37),(371,'2022-8-18',18,8,2022,_binary '\0','0:35:5',0,35,5,0,37,10),(372,'2022-8-18',18,8,2022,_binary '\0','0:36:24',0,36,24,0,37,10),(373,'2022-8-18',18,8,2022,_binary '\0','0:36:24',0,36,24,0,10,37),(374,'2022-8-18',18,8,2022,_binary '\0','0:37:10',0,37,10,0,10,37),(375,'2022-8-18',18,8,2022,_binary '\0','0:37:10',0,37,10,0,37,10),(376,'2022-8-18',18,8,2022,_binary '\0','8:51:23',8,51,23,0,10,37),(377,'2022-8-18',18,8,2022,_binary '\0','8:51:23',8,51,23,0,37,10),(378,'2022-8-18',18,8,2022,_binary '\0','8:54:35',8,54,35,0,10,37),(379,'2022-8-18',18,8,2022,_binary '\0','8:54:35',8,54,35,0,37,10),(380,'2022-8-18',18,8,2022,_binary '\0','9:0:35',9,0,35,0,10,37),(381,'2022-8-18',18,8,2022,_binary '\0','9:0:35',18,0,35,0,37,10),(382,'2022-8-18',18,8,2022,_binary '\0','9:19:6',18,19,6,0,37,10),(383,'2022-8-18',18,8,2022,_binary '\0','9:19:6',18,19,6,0,10,37),(384,'2022-8-18',18,8,2022,_binary '\0','9:24:34',18,24,34,0,37,45),(385,'2022-8-18',18,8,2022,_binary '\0','9:36:10',18,36,10,0,1,46),(386,'2022-8-18',18,8,2022,_binary '\0','9:36:10',18,36,10,0,46,1),(387,'2022-8-18',18,8,2022,_binary '\0','9:38:33',18,38,33,0,15,42),(388,'2022-8-18',18,8,2022,_binary '\0','9:38:33',18,38,33,162,42,15),(389,'2022-8-18',18,8,2022,_binary '\0','9:39:19',18,39,19,162,42,15),(390,'2022-8-18',18,8,2022,_binary '\0','9:39:19',18,39,19,0,15,42),(391,'2022-8-18',18,8,2022,_binary '\0','9:41:25',18,41,25,0,1,46),(392,'2022-8-18',18,8,2022,_binary '\0','9:41:25',18,41,25,0,46,1),(393,'2022-8-18',18,8,2022,_binary '\0','9:47:43',18,47,43,0,37,10),(394,'2022-8-18',18,8,2022,_binary '\0','9:47:43',18,47,43,0,10,37),(395,'2022-8-18',18,8,2022,_binary '\0','9:52:0',18,52,0,0,1,46),(396,'2022-8-18',18,8,2022,_binary '\0','9:52:0',18,52,0,0,46,1),(397,'2022-8-18',18,8,2022,_binary '\0','9:52:56',18,52,56,0,15,42),(398,'2022-8-18',18,8,2022,_binary '\0','9:52:56',18,52,56,162,42,15),(399,'2022-8-18',18,8,2022,_binary '\0','9:55:2',18,55,2,0,46,1),(400,'2022-8-18',18,8,2022,_binary '\0','9:55:2',18,55,2,0,1,46),(401,'2022-8-18',18,8,2022,_binary '\0','10:0:39',22,0,39,0,46,1),(402,'2022-8-18',18,8,2022,_binary '\0','10:0:39',22,0,39,0,1,46),(403,'2022-8-18',18,8,2022,_binary '\0','10:9:4',22,9,4,0,10,37),(404,'2022-8-18',18,8,2022,_binary '\0','10:9:4',22,9,4,0,37,10),(405,'2022-8-18',18,8,2022,_binary '\0','10:10:48',22,10,48,0,10,37),(406,'2022-8-18',18,8,2022,_binary '\0','10:10:48',22,10,48,0,37,10),(407,'2022-8-18',18,8,2022,_binary '\0','10:22:6',22,22,6,0,37,10),(408,'2022-8-18',18,8,2022,_binary '\0','10:22:6',22,22,6,0,10,37),(409,'2022-8-18',18,8,2022,_binary '\0','10:25:43',22,25,43,0,1,46),(410,'2022-8-18',18,8,2022,_binary '\0','10:25:43',22,25,43,0,46,1),(411,'2022-8-18',18,8,2022,_binary '\0','10:29:25',22,29,25,0,37,10),(412,'2022-8-18',18,8,2022,_binary '\0','10:29:25',22,29,25,0,10,37),(413,'2022-8-18',18,8,2022,_binary '\0','10:33:8',23,33,8,162,42,15),(414,'2022-8-18',18,8,2022,_binary '\0','10:33:8',23,33,8,0,15,42),(415,'2022-8-18',18,8,2022,_binary '\0','10:37:36',23,37,36,0,46,1),(416,'2022-8-18',18,8,2022,_binary '\0','10:37:36',23,37,36,0,1,46),(421,'2022-8-18',18,8,2022,_binary '\0','10:46:23',10,46,23,0,10,37),(422,'2022-8-18',18,8,2022,_binary '\0','10:46:23',10,46,23,0,37,10),(423,'2022-8-18',18,8,2022,_binary '\0','10:47:46',10,47,46,0,10,10),(425,'2022-8-18',18,8,2022,_binary '\0','10:50:53',10,50,53,0,37,10),(426,'2022-8-18',18,8,2022,_binary '\0','10:50:53',10,50,53,0,10,37),(427,'2022-8-18',18,8,2022,_binary '\0','10:51:59',10,51,59,0,10,37),(428,'2022-8-18',18,8,2022,_binary '\0','10:51:59',10,51,59,0,37,10),(429,'2022-8-18',18,8,2022,_binary '\0','11:0:3',17,0,3,0,37,10),(430,'2022-8-18',18,8,2022,_binary '\0','11:0:3',17,0,3,0,10,37),(431,'2022-8-18',18,8,2022,_binary '\0','11:2:13',17,2,13,0,37,10),(432,'2022-8-18',18,8,2022,_binary '\0','11:2:13',17,2,13,0,10,37),(433,'2022-8-18',18,8,2022,_binary '\0','11:4:40',17,4,40,0,10,37),(434,'2022-8-18',18,8,2022,_binary '\0','11:4:40',17,4,40,0,37,10),(435,'2022-8-18',18,8,2022,_binary '\0','11:10:9',11,10,9,0,37,10),(436,'2022-8-18',18,8,2022,_binary '\0','11:10:9',11,10,9,0,10,37),(437,'2022-8-18',18,8,2022,_binary '\0','11:22:5',1,22,5,0,1,47),(438,'2022-8-18',18,8,2022,_binary '\0','11:22:5',11,22,5,0,47,1),(439,'2022-8-18',18,8,2022,_binary '\0','11:32:12',11,32,12,0,10,37),(440,'2022-8-18',18,8,2022,_binary '\0','11:32:12',11,32,12,0,37,10),(441,'2022-8-18',18,8,2022,_binary '\0','11:35:15',11,35,15,0,10,37),(442,'2022-8-18',18,8,2022,_binary '\0','11:35:15',11,35,15,0,37,10),(443,'2022-8-18',18,8,2022,_binary '\0','11:36:17',11,36,17,0,10,37),(444,'2022-8-18',18,8,2022,_binary '\0','11:36:17',11,36,17,0,37,10),(449,'2022-8-18',18,8,2022,_binary '\0','11:48:36',18,48,36,0,47,1),(450,'2022-8-18',18,8,2022,_binary '\0','11:48:36',18,48,36,0,1,47),(453,'2022-8-18',18,8,2022,_binary '\0','11:50:31',18,50,31,0,37,10),(454,'2022-8-18',18,8,2022,_binary '\0','11:50:31',18,50,31,0,10,37),(455,'2022-8-18',18,8,2022,_binary '\0','11:51:15',18,51,15,0,10,37),(456,'2022-8-18',18,8,2022,_binary '\0','11:51:15',18,51,15,0,37,10),(457,'2022-8-18',18,8,2022,_binary '\0','12:0:16',12,0,16,0,37,10),(458,'2022-8-18',18,8,2022,_binary '\0','12:0:16',12,0,16,0,10,37),(461,'2022-8-18',18,8,2022,_binary '\0','12:7:32',12,7,32,0,37,10),(462,'2022-8-18',18,8,2022,_binary '\0','12:7:32',12,7,32,0,10,37),(463,'2022-8-18',18,8,2022,_binary '\0','13:7:48',13,7,48,0,10,37),(464,'2022-8-18',18,8,2022,_binary '\0','13:7:48',13,7,48,0,37,10),(465,'2022-8-18',18,8,2022,_binary '\0','13:9:44',13,9,44,0,37,10),(466,'2022-8-18',18,8,2022,_binary '\0','13:9:44',13,9,44,0,10,37),(467,'2022-8-18',18,8,2022,_binary '\0','13:14:18',13,14,18,0,37,10),(468,'2022-8-18',18,8,2022,_binary '\0','13:14:18',13,14,18,0,10,37),(473,'2022-8-18',18,8,2022,_binary '\0','14:41:8',14,41,8,0,37,10),(474,'2022-8-18',18,8,2022,_binary '\0','14:41:8',14,41,8,0,10,37),(475,'2022-8-18',18,8,2022,_binary '\0','14:43:4',14,43,4,0,10,37),(476,'2022-8-18',18,8,2022,_binary '\0','14:43:4',14,43,4,0,37,10),(477,'2022-8-18',18,8,2022,_binary '\0','14:44:19',14,44,19,0,10,37),(478,'2022-8-18',18,8,2022,_binary '\0','14:44:19',14,44,19,0,37,10),(479,'2022-8-18',18,8,2022,_binary '\0','14:57:21',14,57,21,0,15,42),(480,'2022-8-18',18,8,2022,_binary '\0','14:57:21',14,57,21,162,42,15),(483,'2022-8-18',18,8,2022,_binary '\0','15:2:54',15,2,54,0,10,37),(484,'2022-8-18',18,8,2022,_binary '\0','15:2:54',15,2,54,0,37,10),(485,'2022-8-18',18,8,2022,_binary '\0','15:4:46',15,4,46,0,10,37),(486,'2022-8-18',18,8,2022,_binary '\0','15:4:46',15,4,46,0,37,10),(493,'2022-8-18',18,8,2022,_binary '\0','15:15:6',15,15,6,0,15,42),(494,'2022-8-18',18,8,2022,_binary '\0','15:15:6',15,15,6,162,42,15),(495,'2022-8-18',18,8,2022,_binary '\0','15:16:29',15,16,29,0,37,10),(496,'2022-8-18',18,8,2022,_binary '\0','15:16:29',15,16,29,0,10,37),(497,'2022-8-18',18,8,2022,_binary '\0','15:20:35',15,20,35,0,17,1),(498,'2022-8-18',18,8,2022,_binary '\0','15:20:35',15,20,35,0,1,17),(499,'2022-8-18',18,8,2022,_binary '\0','15:21:37',15,21,37,0,37,18),(500,'2022-8-18',18,8,2022,_binary '\0','15:21:37',15,21,37,0,18,37),(501,'2022-8-18',18,8,2022,_binary '\0','15:28:38',15,28,38,0,11,42),(502,'2022-8-18',18,8,2022,_binary '\0','15:28:39',15,28,39,162,42,11),(503,'2022-8-18',18,8,2022,_binary '\0','15:31:24',15,31,24,0,10,11),(504,'2022-8-18',18,8,2022,_binary '\0','15:31:24',15,31,24,0,11,10),(505,'2022-8-18',18,8,2022,_binary '\0','15:34:1',15,34,1,0,46,45),(506,'2022-8-18',18,8,2022,_binary '\0','15:34:1',15,34,1,0,45,46),(507,'2022-8-18',18,8,2022,_binary '\0','15:56:14',15,56,14,0,21,22),(508,'2022-8-18',18,8,2022,_binary '\0','15:56:14',15,56,14,0,22,21),(509,'2022-8-18',18,8,2022,_binary '\0','16:9:48',16,9,48,0,51,50),(510,'2022-8-18',18,8,2022,_binary '\0','16:9:48',16,9,48,0,50,51),(511,'2022-8-18',18,8,2022,_binary '\0','16:15:38',16,15,38,0,52,51),(512,'2022-8-18',18,8,2022,_binary '\0','16:15:38',16,15,38,0,51,52),(513,'2022-8-18',18,8,2022,_binary '\0','16:16:54',16,16,54,0,10,11),(514,'2022-8-18',18,8,2022,_binary '\0','16:16:54',16,16,54,0,11,10),(521,'2022-8-18',18,8,2022,_binary '\0','16:33:33',16,33,33,0,10,11),(522,'2022-8-18',18,8,2022,_binary '\0','16:33:33',16,33,33,0,11,10),(523,'2022-8-18',18,8,2022,_binary '\0','16:35:23',16,35,23,0,11,10),(524,'2022-8-18',18,8,2022,_binary '\0','16:35:23',16,35,23,0,10,11),(527,'2022-8-18',18,8,2022,_binary '\0','16:38:13',16,38,13,0,11,10),(528,'2022-8-18',18,8,2022,_binary '\0','16:38:13',16,38,13,0,10,11),(529,'2022-8-18',18,8,2022,_binary '\0','16:40:5',16,40,5,0,10,11),(530,'2022-8-18',18,8,2022,_binary '\0','16:40:5',16,40,5,0,11,10),(537,'2022-8-18',18,8,2022,_binary '\0','16:51:37',16,51,37,0,54,53),(538,'2022-8-18',18,8,2022,_binary '\0','16:51:37',16,51,37,0,53,54),(547,'2022-8-18',18,8,2022,_binary '\0','17:1:18',17,1,18,0,46,55),(548,'2022-8-18',18,8,2022,_binary '\0','17:1:18',17,1,18,0,55,46),(551,'2022-8-18',18,8,2022,_binary '\0','17:5:15',17,5,15,0,55,46),(552,'2022-8-18',18,8,2022,_binary '','17:5:15',17,5,15,3,46,55),(557,'2022-8-18',18,8,2022,_binary '\0','17:7:39',17,7,39,0,10,11),(558,'2022-8-18',18,8,2022,_binary '\0','17:7:39',17,7,39,0,11,10),(565,'2022-8-18',18,8,2022,_binary '\0','17:13:13',17,13,13,0,11,10),(577,'2022-8-18',18,8,2022,_binary '\0','17:28:3',17,28,3,0,21,22),(578,'2022-8-18',18,8,2022,_binary '\0','17:28:3',17,28,3,0,22,21),(579,'2022-8-18',18,8,2022,_binary '\0','17:29:29',17,29,29,0,46,42),(580,'2022-8-18',18,8,2022,_binary '\0','17:29:29',17,29,29,162,42,46),(581,'2022-8-18',18,8,2022,_binary '\0','17:30:11',17,30,11,0,11,10),(582,'2022-8-18',18,8,2022,_binary '\0','17:30:11',17,30,11,0,10,11),(583,'2022-8-18',18,8,2022,_binary '\0','17:31:41',17,31,41,0,11,10),(584,'2022-8-18',18,8,2022,_binary '\0','17:31:41',17,31,41,0,10,11),(585,'2022-8-18',18,8,2022,_binary '\0','17:33:17',17,33,17,0,11,10),(586,'2022-8-18',18,8,2022,_binary '\0','17:33:17',17,33,17,0,10,11),(587,'2022-8-18',18,8,2022,_binary '\0','17:34:55',17,34,55,0,10,11),(588,'2022-8-18',18,8,2022,_binary '\0','17:34:55',17,34,55,0,11,10),(589,'2022-8-18',18,8,2022,_binary '\0','17:35:52',17,35,52,0,11,10),(590,'2022-8-18',18,8,2022,_binary '\0','17:35:52',17,35,52,0,10,11),(595,'2022-8-18',18,8,2022,_binary '\0','17:39:40',17,39,40,0,56,53),(596,'2022-8-18',18,8,2022,_binary '','17:39:40',17,39,40,45,53,56),(597,'2022-8-18',18,8,2022,_binary '\0','17:46:43',17,46,43,0,10,11),(598,'2022-8-18',18,8,2022,_binary '\0','17:46:43',17,46,43,0,11,10),(599,'2022-8-18',18,8,2022,_binary '\0','17:48:57',17,48,57,0,11,10),(600,'2022-8-18',18,8,2022,_binary '\0','17:48:57',17,48,57,0,10,11),(605,'2022-8-18',18,8,2022,_binary '\0','17:54:40',17,54,40,0,11,10),(606,'2022-8-18',18,8,2022,_binary '\0','17:54:40',17,54,40,0,10,11),(607,'2022-8-18',18,8,2022,_binary '\0','17:57:19',17,57,19,0,10,11),(608,'2022-8-18',18,8,2022,_binary '\0','17:57:19',17,57,19,0,11,10),(609,'2022-8-18',18,8,2022,_binary '\0','17:59:10',17,59,10,0,10,11),(610,'2022-8-18',18,8,2022,_binary '\0','17:59:10',17,59,10,0,11,10),(611,'2022-8-18',18,8,2022,_binary '\0','18:3:3',18,3,3,0,10,11),(613,'2022-8-18',18,8,2022,_binary '','18:41:40',18,41,40,63,57,58),(614,'2022-8-18',18,8,2022,_binary '','18:41:40',18,41,40,61,58,57),(615,'2022-8-18',18,8,2022,_binary '','18:44:41',18,44,41,14,1,58),(616,'2022-8-18',18,8,2022,_binary '','18:44:41',18,44,41,14,58,1),(619,'2022-8-18',18,8,2022,_binary '','18:55:22',18,55,22,23,1,58),(620,'2022-8-18',18,8,2022,_binary '','18:55:22',18,55,22,24,58,1),(623,'2022-8-18',18,8,2022,_binary '\0','20:17:30',20,17,30,0,10,11),(624,'2022-8-18',18,8,2022,_binary '\0','20:17:30',20,17,30,0,11,10),(625,'2022-8-18',18,8,2022,_binary '\0','20:45:9',20,45,9,0,11,10),(626,'2022-8-18',18,8,2022,_binary '\0','20:45:9',20,45,9,0,10,11),(631,'2022-8-18',18,8,2022,_binary '','23:7:39',23,7,39,0,10,11),(632,'2022-8-18',18,8,2022,_binary '','23:7:39',23,7,39,0,10,11),(633,'2022-8-18',18,8,2022,_binary '','23:7:39',23,7,39,0,10,11),(634,'2022-8-18',18,8,2022,_binary '','23:7:39',23,7,39,0,10,11),(635,'2022-8-18',18,8,2022,_binary '','23:7:39',23,7,39,0,10,11),(636,'2022-8-18',18,8,2022,_binary '','23:7:39',23,7,39,0,10,11),(637,'2022-8-18',18,8,2022,_binary '','23:7:39',23,7,39,0,10,11),(638,'2022-8-18',18,8,2022,_binary '','23:7:39',23,7,39,0,10,11),(639,'2022-8-18',18,8,2022,_binary '','23:7:39',23,7,39,0,10,11),(640,'2022-8-18',18,8,2022,_binary '','23:7:39',23,7,39,0,10,11),(641,'2022-8-18',18,8,2022,_binary '','23:7:39',23,7,39,0,10,11),(642,'2022-8-18',18,8,2022,_binary '','23:7:39',23,7,39,0,10,11),(643,'2022-8-18',18,8,2022,_binary '','23:7:39',23,7,39,0,10,11),(644,'2022-8-18',18,8,2022,_binary '','23:7:39',23,7,39,0,10,11),(645,'2022-8-18',18,8,2022,_binary '','23:7:39',23,7,39,0,10,11),(646,'2022-8-18',18,8,2022,_binary '','23:7:39',23,7,39,0,10,11),(647,'2022-8-18',18,8,2022,_binary '','23:7:39',23,7,39,0,10,11),(648,'2022-8-18',18,8,2022,_binary '','23:7:39',23,7,39,0,10,11),(649,'2022-8-18',18,8,2022,_binary '','23:7:39',23,7,39,0,10,11),(650,'2022-8-18',18,8,2022,_binary '','23:7:39',23,7,39,0,10,11),(651,'2022-8-18',18,8,2022,_binary '','23:7:39',23,7,39,0,10,11),(652,'2022-8-18',18,8,2022,_binary '','23:7:39',23,7,39,0,10,11),(653,'2022-8-18',18,8,2022,_binary '','23:7:39',23,7,39,0,10,11),(654,'2022-8-18',18,8,2022,_binary '','23:7:39',23,7,39,0,10,11),(655,'2022-8-18',18,8,2022,_binary '','23:7:39',23,7,39,0,10,11),(656,'2022-8-18',18,8,2022,_binary '','23:7:39',23,7,39,0,10,11),(657,'2022-8-18',18,8,2022,_binary '','23:7:39',23,7,39,0,10,11),(658,'2022-8-18',18,8,2022,_binary '','23:7:39',23,7,39,0,10,11),(659,'2022-8-18',18,8,2022,_binary '','23:7:39',23,7,39,0,10,11),(660,'2022-8-18',18,8,2022,_binary '','23:7:39',23,7,39,0,10,11),(661,'2022-8-18',18,8,2022,_binary '','23:7:39',23,7,39,0,10,11),(662,'2022-8-18',18,8,2022,_binary '','23:7:39',23,7,39,0,10,11),(663,'2022-8-18',18,8,2022,_binary '','23:7:39',23,7,39,0,10,11),(664,'2022-8-18',18,8,2022,_binary '','23:7:39',23,7,39,0,10,11),(665,'2022-8-18',18,8,2022,_binary '','23:7:39',23,7,39,0,10,11),(666,'2022-8-18',18,8,2022,_binary '','23:7:39',23,7,39,0,10,11),(667,'2022-8-18',18,8,2022,_binary '','23:7:39',23,7,39,0,10,11),(668,'2022-8-18',18,8,2022,_binary '','23:7:39',23,7,39,0,10,11),(669,'2022-8-18',18,8,2022,_binary '','23:7:39',23,7,39,0,10,11),(670,'2022-8-18',18,8,2022,_binary '','23:7:39',23,7,39,0,10,11),(671,'2022-8-18',18,8,2022,_binary '','23:7:39',23,7,39,0,10,11),(672,'2022-8-18',18,8,2022,_binary '','23:7:39',23,7,39,0,10,11),(673,'2022-8-18',18,8,2022,_binary '','23:7:39',23,7,39,0,10,11),(674,'2022-8-18',18,8,2022,_binary '','23:7:39',23,7,39,0,10,11),(675,'2022-8-18',18,8,2022,_binary '','23:7:39',23,7,39,0,10,11),(676,'2022-8-18',18,8,2022,_binary '','23:7:39',23,7,39,0,10,11),(677,'2022-8-18',18,8,2022,_binary '','23:7:39',23,7,39,0,10,11),(678,'2022-8-18',18,8,2022,_binary '','23:7:39',23,7,39,0,10,11),(679,'2022-8-18',18,8,2022,_binary '','23:7:39',23,7,39,0,10,11),(680,'2022-8-18',18,8,2022,_binary '','23:7:39',23,7,39,0,10,11),(681,'2022-8-18',18,8,2022,_binary '','22:7:39',22,7,39,162,42,47),(682,'2022-8-18',18,8,2022,_binary '','22:7:39',22,7,39,162,42,47),(683,'2022-8-18',18,8,2022,_binary '','22:7:39',22,7,39,162,42,2),(684,'2022-8-18',18,8,2022,_binary '','22:7:39',22,7,39,162,42,2),(685,'2022-8-18',18,8,2022,_binary '','22:7:39',22,7,39,162,42,2),(686,'2022-8-18',18,8,2022,_binary '','22:7:39',22,7,39,162,42,2),(687,'2022-8-18',18,8,2022,_binary '','22:7:39',22,7,39,162,42,2),(688,'2022-8-18',18,8,2022,_binary '','22:7:39',22,7,39,162,42,2),(689,'2022-8-18',18,8,2022,_binary '','22:7:39',22,7,39,162,42,2),(690,'2022-8-18',18,8,2022,_binary '','22:7:39',22,7,39,162,42,2),(691,'2022-8-18',18,8,2022,_binary '','22:7:39',22,7,39,162,42,2),(692,'2022-8-18',18,8,2022,_binary '','22:7:39',22,7,39,162,42,2),(693,'2022-8-18',18,8,2022,_binary '','22:7:39',22,7,39,162,42,2),(694,'2022-8-18',18,8,2022,_binary '','22:7:39',22,7,39,162,42,2),(695,'2022-8-18',18,8,2022,_binary '','22:7:39',22,7,39,162,42,2),(696,'2022-8-18',18,8,2022,_binary '','21:7:39',21,7,39,162,42,2),(697,'2022-8-18',18,8,2022,_binary '','21:7:39',21,7,39,162,42,2),(698,'2022-8-18',18,8,2022,_binary '','21:7:39',21,7,39,162,42,2),(699,'2022-8-18',18,8,2022,_binary '','21:7:39',21,7,39,162,42,2),(700,'2022-8-18',18,8,2022,_binary '','21:7:39',21,7,39,162,42,2),(701,'2022-8-18',18,8,2022,_binary '','21:7:39',21,7,39,162,42,2),(702,'2022-8-18',18,8,2022,_binary '','21:7:39',21,7,39,162,42,2),(703,'2022-8-18',18,8,2022,_binary '','21:7:39',21,7,39,162,42,2),(704,'2022-8-18',18,8,2022,_binary '','21:7:39',21,7,39,162,42,2),(705,'2022-8-18',18,8,2022,_binary '','21:7:39',21,7,39,162,42,2),(706,'2022-8-18',18,8,2022,_binary '','21:7:39',21,7,39,162,42,2),(707,'2022-8-18',18,8,2022,_binary '','22:7:39',22,7,39,162,42,2),(708,'2022-8-18',18,8,2022,_binary '','22:7:39',22,7,39,162,42,2),(709,'2022-8-18',18,8,2022,_binary '','22:7:39',22,7,39,162,42,2),(710,'2022-8-18',18,8,2022,_binary '','22:7:39',22,7,39,162,42,2),(711,'2022-8-18',18,8,2022,_binary '','22:7:39',22,7,39,162,42,2),(712,'2022-8-18',18,8,2022,_binary '','22:7:39',22,7,39,162,42,2),(713,'2022-8-18',18,8,2022,_binary '','22:7:39',22,7,39,162,42,2),(714,'2022-8-18',18,8,2022,_binary '','22:7:39',22,7,39,162,42,2),(715,'2022-8-18',18,8,2022,_binary '','22:7:39',22,7,39,162,42,2),(716,'2022-8-18',18,8,2022,_binary '','22:7:39',22,7,39,162,42,2),(717,'2022-8-18',18,8,2022,_binary '','22:7:39',22,7,39,162,42,2),(718,'2022-8-18',18,8,2022,_binary '','22:7:39',22,7,39,162,42,2),(719,'2022-8-18',18,8,2022,_binary '','22:7:39',22,7,39,162,42,2),(720,'2022-8-18',18,8,2022,_binary '','22:7:39',22,7,39,162,42,2),(721,'2022-8-18',18,8,2022,_binary '','21:7:39',21,7,39,162,42,2),(722,'2022-8-18',18,8,2022,_binary '','21:7:39',21,7,39,162,42,2),(723,'2022-8-18',18,8,2022,_binary '','21:7:39',21,7,39,162,42,2),(724,'2022-8-18',18,8,2022,_binary '','21:7:39',21,7,39,162,42,2),(725,'2022-8-18',18,8,2022,_binary '','21:7:39',21,7,39,162,42,2),(726,'2022-8-18',18,8,2022,_binary '','21:7:39',21,7,39,162,42,2),(727,'2022-8-18',18,8,2022,_binary '','21:7:39',21,7,39,162,42,2),(728,'2022-8-18',18,8,2022,_binary '','21:7:39',21,7,39,162,42,2),(729,'2022-8-18',18,8,2022,_binary '','21:7:39',21,7,39,162,42,2),(730,'2022-8-18',18,8,2022,_binary '','21:7:39',21,7,39,162,42,2),(731,'2022-8-18',18,8,2022,_binary '','21:7:39',21,7,39,162,42,2),(732,'2022-8-18',18,8,2022,_binary '','21:7:39',21,7,39,162,42,2),(733,'2022-8-18',18,8,2022,_binary '','21:7:39',21,7,39,162,42,2),(734,'2022-8-18',18,8,2022,_binary '','21:7:39',21,7,39,162,42,15),(735,'2022-8-18',18,8,2022,_binary '','21:7:39',21,7,39,162,42,15),(736,'2022-8-18',18,8,2022,_binary '','21:7:39',21,7,39,162,42,15),(737,'2022-8-18',18,8,2022,_binary '','21:7:39',21,7,39,162,42,15),(738,'2022-8-18',18,8,2022,_binary '','21:7:39',21,7,39,162,42,15),(739,'2022-8-18',18,8,2022,_binary '','21:7:39',21,7,39,162,42,15),(740,'2022-8-18',18,8,2022,_binary '','22:7:39',22,7,39,162,42,15),(741,'2022-8-18',18,8,2022,_binary '','22:7:39',22,7,39,162,42,2),(742,'2022-8-18',18,8,2022,_binary '','22:7:39',22,7,39,162,42,2),(743,'2022-8-18',18,8,2022,_binary '','22:7:39',22,7,39,162,42,2),(744,'2022-8-18',18,8,2022,_binary '','22:7:39',22,7,39,162,42,2),(745,'2022-8-18',18,8,2022,_binary '','22:7:39',22,7,39,162,42,2),(746,'2022-8-18',18,8,2022,_binary '','22:7:39',22,7,39,162,42,2),(747,'2022-8-18',18,8,2022,_binary '','22:7:39',22,7,39,162,42,2),(748,'2022-8-18',18,8,2022,_binary '','22:7:39',22,7,39,162,42,2),(749,'2022-8-18',18,8,2022,_binary '','22:7:39',22,7,39,162,42,2),(750,'2022-8-18',18,8,2022,_binary '','22:7:39',22,7,39,162,42,2),(751,'2022-8-18',18,8,2022,_binary '','22:7:39',22,7,39,162,42,2),(752,'2022-8-18',18,8,2022,_binary '','22:7:39',22,7,39,162,42,2),(753,'2022-8-18',18,8,2022,_binary '','22:7:39',22,7,39,162,42,2),(754,'2022-8-18',18,8,2022,_binary '','20:7:39',20,7,39,162,42,2),(755,'2022-8-18',18,8,2022,_binary '','20:7:39',20,7,39,162,42,2),(756,'2022-8-18',18,8,2022,_binary '','20:7:39',20,7,39,162,42,2),(757,'2022-8-18',18,8,2022,_binary '','20:7:39',20,7,39,162,42,2),(758,'2022-8-18',18,8,2022,_binary '','20:7:39',20,7,39,162,42,2),(759,'2022-8-18',18,8,2022,_binary '','20:7:39',20,7,39,162,42,2),(760,'2022-8-18',18,8,2022,_binary '','20:7:39',20,7,39,162,42,2),(761,'2022-8-18',18,8,2022,_binary '','20:7:39',20,7,39,162,42,2),(762,'2022-8-18',18,8,2022,_binary '','20:7:39',20,7,39,162,42,2),(763,'2022-8-18',18,8,2022,_binary '','20:7:39',20,7,39,162,42,2),(764,'2022-8-18',18,8,2022,_binary '','20:7:39',20,7,39,162,42,2),(765,'2022-8-18',18,8,2022,_binary '','20:7:39',20,7,39,162,42,2),(766,'2022-8-18',18,8,2022,_binary '\0','19:7:39',19,7,39,162,42,2),(767,'2022-8-18',18,8,2022,_binary '\0','19:7:39',19,7,39,162,42,2),(768,'2022-8-18',18,8,2022,_binary '\0','19:7:39',19,7,39,162,42,2),(769,'2022-8-18',18,8,2022,_binary '\0','19:7:39',19,7,39,162,42,17),(770,'2022-8-18',18,8,2022,_binary '\0','19:7:39',19,7,39,162,42,17),(771,'2022-8-18',18,8,2022,_binary '\0','19:7:39',19,7,39,162,42,17),(772,'2022-8-18',18,8,2022,_binary '\0','19:7:39',19,7,39,162,42,17),(773,'2022-8-18',18,8,2022,_binary '\0','19:7:39',19,7,39,162,42,17),(774,'2022-8-18',18,8,2022,_binary '\0','19:7:39',19,7,39,162,42,17),(775,'2022-8-18',18,8,2022,_binary '\0','19:7:39',19,7,39,162,42,17),(776,'2022-8-18',18,8,2022,_binary '\0','19:7:39',19,7,39,162,42,17),(777,'2022-8-18',18,8,2022,_binary '\0','19:7:39',19,7,39,162,42,17),(778,'2022-8-18',18,8,2022,_binary '\0','19:7:39',19,7,39,162,42,17),(779,'2022-8-18',18,8,2022,_binary '\0','19:7:39',19,7,39,162,42,17),(780,'2022-8-18',18,8,2022,_binary '\0','19:7:39',19,7,39,162,42,17),(781,'2022-8-18',18,8,2022,_binary '\0','19:7:39',19,7,39,162,42,17),(782,'2022-8-18',18,8,2022,_binary '\0','19:7:39',19,7,39,162,42,17),(783,'2022-8-18',18,8,2022,_binary '\0','19:7:39',19,7,39,162,42,17),(784,'2022-8-18',18,8,2022,_binary '\0','19:7:39',19,7,39,162,42,17),(785,'2022-8-18',18,8,2022,_binary '\0','19:7:39',19,7,39,162,42,17),(786,'2022-8-18',18,8,2022,_binary '\0','19:7:39',19,7,39,162,42,17),(787,'2022-8-18',18,8,2022,_binary '\0','19:7:39',19,7,39,162,42,17),(788,'2022-8-18',18,8,2022,_binary '\0','18:7:39',18,7,39,162,42,17),(789,'2022-8-18',18,8,2022,_binary '\0','18:7:39',18,7,39,162,42,17),(790,'2022-8-18',18,8,2022,_binary '\0','18:7:39',18,7,39,162,42,17),(791,'2022-8-18',18,8,2022,_binary '\0','18:7:39',18,7,39,162,42,17),(792,'2022-8-18',18,8,2022,_binary '\0','18:7:39',18,7,39,162,42,17),(793,'2022-8-18',18,8,2022,_binary '\0','18:7:39',18,7,39,162,42,17),(794,'2022-8-18',18,8,2022,_binary '\0','18:7:39',18,7,39,162,42,17),(795,'2022-8-18',18,8,2022,_binary '\0','18:7:39',18,7,39,162,42,17),(796,'2022-8-18',18,8,2022,_binary '\0','18:7:39',18,7,39,162,42,17),(797,'2022-8-18',18,8,2022,_binary '\0','18:7:39',18,7,39,162,42,17),(798,'2022-8-18',18,8,2022,_binary '\0','18:7:39',18,7,39,162,42,17),(799,'2022-8-18',18,8,2022,_binary '\0','18:7:39',18,7,39,162,42,17),(800,'2022-8-18',18,8,2022,_binary '\0','18:7:39',18,7,39,162,42,17),(801,'2022-8-18',18,8,2022,_binary '\0','18:7:39',18,7,39,162,42,17),(802,'2022-8-18',18,8,2022,_binary '\0','18:7:39',18,7,39,162,42,17),(803,'2022-8-18',18,8,2022,_binary '\0','18:7:39',18,7,39,162,42,17),(804,'2022-8-18',18,8,2022,_binary '\0','18:7:39',18,7,39,162,42,17),(805,'2022-8-18',18,8,2022,_binary '\0','18:7:39',18,7,39,162,42,17),(806,'2022-8-18',18,8,2022,_binary '\0','18:7:39',18,7,39,162,42,17),(807,'2022-8-18',18,8,2022,_binary '\0','18:7:39',18,7,39,162,42,17),(808,'2022-8-18',18,8,2022,_binary '\0','18:7:39',18,7,39,162,42,17),(809,'2022-8-18',18,8,2022,_binary '\0','18:7:39',18,7,39,162,42,17),(810,'2022-8-18',18,8,2022,_binary '\0','00:7:39',0,7,39,162,42,17),(811,'2022-8-18',18,8,2022,_binary '\0','00:7:39',0,7,39,162,42,17),(812,'2022-8-18',18,8,2022,_binary '\0','00:7:39',0,7,39,162,42,17),(813,'2022-8-18',18,8,2022,_binary '\0','00:7:39',0,7,39,162,42,17),(814,'2022-8-18',18,8,2022,_binary '\0','00:7:39',0,7,39,162,42,17),(815,'2022-8-18',18,8,2022,_binary '\0','00:7:39',0,7,39,162,42,17),(816,'2022-8-18',18,8,2022,_binary '\0','00:7:39',0,7,39,162,42,17),(817,'2022-8-18',18,8,2022,_binary '\0','00:7:39',0,7,39,162,42,17),(818,'2022-8-18',18,8,2022,_binary '\0','00:7:39',0,7,39,162,42,17),(819,'2022-8-18',18,8,2022,_binary '\0','00:7:39',0,7,39,162,42,17),(820,'2022-8-18',18,8,2022,_binary '\0','00:7:39',0,7,39,162,42,17),(821,'2022-8-18',18,8,2022,_binary '\0','00:7:39',0,7,39,162,42,17),(822,'2022-8-18',18,8,2022,_binary '\0','00:7:39',0,7,39,162,42,28),(823,'2022-8-18',18,8,2022,_binary '\0','00:7:39',0,7,39,162,42,28),(824,'2022-8-18',18,8,2022,_binary '\0','00:7:39',0,7,39,162,42,28),(825,'2022-8-18',18,8,2022,_binary '\0','00:7:39',0,7,39,162,42,28),(826,'2022-8-18',18,8,2022,_binary '\0','00:7:39',0,7,39,162,42,28),(827,'2022-8-18',18,8,2022,_binary '\0','00:7:39',0,7,39,162,42,28),(828,'2022-8-18',18,8,2022,_binary '\0','00:7:39',0,7,39,162,42,28),(829,'2022-8-18',18,8,2022,_binary '\0','00:7:39',0,7,39,162,42,28),(830,'2022-8-18',18,8,2022,_binary '\0','00:7:39',0,7,39,162,42,28),(831,'2022-8-18',18,8,2022,_binary '\0','00:7:39',0,7,39,162,42,28),(832,'2022-8-18',18,8,2022,_binary '\0','00:7:39',0,7,39,162,42,28),(833,'2022-8-18',18,8,2022,_binary '\0','00:7:39',0,7,39,162,42,28),(834,'2022-8-18',18,8,2022,_binary '\0','01:7:39',1,7,39,162,42,28),(835,'2022-8-18',18,8,2022,_binary '\0','01:7:39',1,7,39,162,42,28),(836,'2022-8-18',18,8,2022,_binary '\0','01:7:39',1,7,39,162,42,28),(837,'2022-8-18',18,8,2022,_binary '\0','01:7:39',1,7,39,162,42,28),(838,'2022-8-18',18,8,2022,_binary '\0','01:7:39',1,7,39,162,42,28),(839,'2022-8-18',18,8,2022,_binary '\0','01:7:39',1,7,39,162,42,28),(840,'2022-8-18',18,8,2022,_binary '\0','01:7:39',1,7,39,162,42,28),(841,'2022-8-18',18,8,2022,_binary '\0','01:7:39',1,7,39,162,42,28),(842,'2022-8-18',18,8,2022,_binary '\0','01:7:39',1,7,39,162,42,28),(843,'2022-8-18',18,8,2022,_binary '\0','01:7:39',1,7,39,162,42,28),(844,'2022-8-18',18,8,2022,_binary '\0','01:7:39',1,7,39,162,42,28),(845,'2022-8-18',18,8,2022,_binary '\0','01:7:39',1,7,39,162,42,28),(846,'2022-8-18',18,8,2022,_binary '\0','01:7:39',1,7,39,162,42,28),(847,'2022-8-18',18,8,2022,_binary '\0','01:7:39',1,7,39,162,42,28),(848,'2022-8-18',18,8,2022,_binary '\0','01:7:39',1,7,39,162,42,28),(849,'2022-8-18',18,8,2022,_binary '\0','01:7:39',1,7,39,162,42,28),(850,'2022-8-18',18,8,2022,_binary '\0','01:7:39',1,7,39,162,42,28),(851,'2022-8-18',18,8,2022,_binary '\0','01:7:39',1,7,39,162,42,28),(852,'2022-8-18',18,8,2022,_binary '\0','01:7:39',1,7,39,162,42,28),(853,'2022-8-18',18,8,2022,_binary '\0','01:7:39',1,7,39,162,42,28),(854,'2022-8-18',18,8,2022,_binary '\0','02:7:39',2,7,39,162,42,28),(855,'2022-8-18',18,8,2022,_binary '\0','02:7:39',2,7,39,162,42,28),(856,'2022-8-18',18,8,2022,_binary '\0','02:7:39',2,7,39,162,42,17),(857,'2022-8-18',18,8,2022,_binary '\0','02:7:39',2,7,39,162,42,17),(858,'2022-8-18',18,8,2022,_binary '\0','02:7:39',2,7,39,162,42,17),(859,'2022-8-18',18,8,2022,_binary '\0','02:7:39',2,7,39,162,42,17),(860,'2022-8-18',18,8,2022,_binary '\0','02:7:39',2,7,39,162,42,17),(861,'2022-8-18',18,8,2022,_binary '\0','02:7:39',2,7,39,162,42,17),(862,'2022-8-18',18,8,2022,_binary '\0','02:7:39',2,7,39,162,42,17),(863,'2022-8-18',18,8,2022,_binary '\0','02:7:39',2,7,39,162,42,17),(864,'2022-8-18',18,8,2022,_binary '\0','02:7:39',2,7,39,162,42,17),(865,'2022-8-18',18,8,2022,_binary '\0','02:7:39',2,7,39,162,42,17),(866,'2022-8-18',18,8,2022,_binary '\0','02:7:39',2,7,39,162,42,17),(867,'2022-8-18',18,8,2022,_binary '\0','02:7:39',2,7,39,162,42,17),(868,'2022-8-18',18,8,2022,_binary '\0','02:7:39',2,7,39,162,42,17),(869,'2022-8-18',18,8,2022,_binary '\0','02:7:39',2,7,39,162,42,17),(870,'2022-8-18',18,8,2022,_binary '\0','02:7:39',2,7,39,162,42,17),(871,'2022-8-18',18,8,2022,_binary '\0','02:7:39',2,7,39,162,42,17),(872,'2022-8-18',18,8,2022,_binary '\0','02:7:39',2,7,39,162,42,17),(873,'2022-8-18',18,8,2022,_binary '\0','02:7:39',2,7,39,162,42,17),(874,'2022-8-18',18,8,2022,_binary '\0','02:7:39',2,7,39,162,42,17),(875,'2022-8-18',18,8,2022,_binary '\0','02:7:39',2,7,39,162,42,17),(876,'2022-8-18',18,8,2022,_binary '\0','02:7:39',2,7,39,162,42,17),(877,'2022-8-18',18,8,2022,_binary '\0','02:7:39',2,7,39,162,42,17),(878,'2022-8-18',18,8,2022,_binary '\0','02:7:39',2,7,39,162,42,17),(879,'2022-8-18',18,8,2022,_binary '\0','02:7:39',2,7,39,162,42,17),(880,'2022-8-18',18,8,2022,_binary '\0','02:7:39',2,7,39,162,42,17),(881,'2022-8-18',18,8,2022,_binary '\0','23:7:39',23,7,39,68,42,39),(882,'2022-8-18',18,8,2022,_binary '\0','23:7:39',23,7,39,68,42,39),(883,'2022-8-18',18,8,2022,_binary '\0','23:7:39',23,7,39,68,42,39),(884,'2022-8-18',18,8,2022,_binary '\0','23:7:39',23,7,39,68,42,39),(885,'2022-8-18',18,8,2022,_binary '\0','23:7:39',23,7,39,68,42,39),(886,'2022-8-18',18,8,2022,_binary '\0','23:7:39',23,7,39,68,42,39),(887,'2022-8-18',18,8,2022,_binary '\0','23:7:39',23,7,39,68,42,39),(888,'2022-8-18',18,8,2022,_binary '\0','23:7:39',23,7,39,68,42,39),(889,'2022-8-18',18,8,2022,_binary '\0','23:7:39',23,7,39,68,42,39),(890,'2022-8-18',18,8,2022,_binary '\0','23:7:39',23,7,39,68,42,39),(891,'2022-8-18',18,8,2022,_binary '','23:7:39',23,7,39,68,42,39),(892,'2022-8-18',18,8,2022,_binary '','23:7:39',23,7,39,68,42,39),(893,'2022-8-18',18,8,2022,_binary '','23:7:39',23,7,39,68,42,39),(894,'2022-8-18',18,8,2022,_binary '','23:7:39',23,7,39,68,42,39),(895,'2022-8-18',18,8,2022,_binary '','23:7:39',23,7,39,68,42,39),(896,'2022-8-18',18,8,2022,_binary '','23:7:39',23,7,39,68,42,39),(897,'2022-8-18',18,8,2022,_binary '','23:7:39',23,7,39,68,42,39),(898,'2022-8-18',18,8,2022,_binary '','23:7:39',23,7,39,68,42,39),(899,'2022-8-18',18,8,2022,_binary '','23:7:39',23,7,39,68,42,39),(900,'2022-8-18',18,8,2022,_binary '','23:7:39',23,7,39,68,42,9),(901,'2022-8-18',18,8,2022,_binary '','23:7:39',23,7,39,68,42,11),(902,'2022-8-18',18,8,2022,_binary '','23:7:39',23,7,39,68,42,15),(903,'2022-8-18',18,8,2022,_binary '','23:7:39',23,7,39,68,42,17),(904,'2022-8-18',18,8,2022,_binary '','23:7:39',23,7,39,68,42,20),(905,'2022-8-18',18,8,2022,_binary '','13:7:39',13,7,39,68,42,22),(906,'2022-8-18',18,8,2022,_binary '','13:7:39',13,7,39,68,42,28),(907,'2022-8-18',18,8,2022,_binary '','13:7:39',13,7,39,68,42,29),(908,'2022-8-18',18,8,2022,_binary '','13:7:39',13,7,39,68,42,32),(909,'2022-8-18',18,8,2022,_binary '','13:7:39',13,7,39,68,42,44),(910,'2022-8-18',18,8,2022,_binary '','13:7:39',13,7,39,68,42,47),(911,'2022-8-18',18,8,2022,_binary '','22:32:22',22,32,22,7,42,11),(912,'2022-8-18',18,8,2022,_binary '','22:32:22',22,32,22,7,11,42),(913,'2022-8-18',18,8,2022,_binary '','22:34:15',22,34,15,34,42,11),(914,'2022-8-18',18,8,2022,_binary '','22:34:15',22,34,15,35,11,42),(915,'2022-8-18',18,8,2022,_binary '','22:40:39',22,40,39,34,61,42),(916,'2022-8-18',18,8,2022,_binary '','22:40:39',22,40,39,33,42,61);
/*!40000 ALTER TABLE `statistics` ENABLE KEYS */;
UNLOCK TABLES;

--
-- Table structure for table `user`
--

DROP TABLE IF EXISTS `user`;
/*!40101 SET @saved_cs_client     = @@character_set_client */;
/*!50503 SET character_set_client = utf8mb4 */;
CREATE TABLE `user` (
  `id` bigint NOT NULL AUTO_INCREMENT,
  `userid` varchar(255) DEFAULT NULL,
  `birth` varchar(255) DEFAULT NULL,
  `cigarette` varchar(255) DEFAULT NULL,
  `description` varchar(255) DEFAULT NULL,
  `drink` varchar(255) DEFAULT NULL,
  `email` varchar(255) DEFAULT NULL,
  `gender` varchar(255) DEFAULT NULL,
  `height` varchar(255) DEFAULT NULL,
  `hobby` varchar(255) DEFAULT NULL,
  `mbti` varchar(255) DEFAULT NULL,
  `password` varchar(255) DEFAULT NULL,
  `school` varchar(255) DEFAULT NULL,
  `username` varchar(255) DEFAULT NULL,
  `weight` varchar(255) DEFAULT NULL,
  `photo` varchar(255) DEFAULT NULL,
  PRIMARY KEY (`id`)
) ENGINE=InnoDB AUTO_INCREMENT=63 DEFAULT CHARSET=utf8mb3;
/*!40101 SET character_set_client = @saved_cs_client */;

--
-- Dumping data for table `user`
--

LOCK TABLES `user` WRITE;
/*!40000 ALTER TABLE `user` DISABLE KEYS */;
INSERT INTO `user` VALUES (1,'admin','1987-12-30','smoke','관리자 계정입니다.','under1','admin@naver.com','male','200','산책','ISTP','$2a$10$UcL.ePSXCyEb80UCayATu.nfc5PXpd.yfUAlT4X8k6polftKyQTT.','싸피대학교','admin','180','https://ssafy7elevator.s3.ap-northeast-2.amazonaws.com/profile/default_profile.jpg'),(2,'2','1990-07-20','nosmoke','2222','under1','222@2','female','222','2','ISTP','$2a$10$IxTRIH8.uwRf/xbI75ksauvz9YsKzqR11A9ZWbEhPsFCDvEsx/do2','2','2','100','https://ssafy7elevator.s3.ap-northeast-2.amazonaws.com/profile/default_profile.jpg'),(3,'10','1991-12-31','smoke','200','under1','200@naver.com','male','200','200','ISTP','$2a$10$Deonbj3wu2s3B8JhgbonN.lktmeOcqBluThsIQT6xOya7k8sEngFq','200','200','200','https://ssafy7elevator.s3.ap-northeast-2.amazonaws.com/profile/default_profile.jpg'),(5,'ldh793','1996-08-26','nosmoke','안녕하세요','under1','ldh793@naver.com','male','175','농구','ISTP','$2a$10$OEX0JixNEpAVGdOdF5xPi.mrQg2hDO0r.urDUOmxWBnpIjoNoAhve','싸피','DH','70','https://ssafy7elevator.s3.ap-northeast-2.amazonaws.com/profile/default_profile.jpg'),(6,'user6','1992-01-07','smoke','편하게 연락주세요','under1','kim@ssafy.com','male','180','산책','ISTJ','$2a$10$Qf3NpJ7ILr/rkYP35wO.luC8gV9.RXbZcn066FA3ab.h8XGqceQFC','싸피대학교','user6','80','https://ssafy7elevator.s3.ap-northeast-2.amazonaws.com/profile/default_profile.jpg'),(7,'user7','2000-01-07','smoke','편하게 연락주세요','under1','kim@ssafy.com','male','180','산책','ISTJ','$2a$10$REjetVnH3FWVQ.bGx5wwZem3D6QCYd0OMJNTURxQv/rtEZTxzrT7i','싸피대학교','user7','80','https://ssafy7elevator.s3.ap-northeast-2.amazonaws.com/profile/default_profile.jpg'),(8,'user8','2001-01-07','nosmoke','편하게 연락주세요','under1','kim@ssafy.com','male','180','산책','ISTJ','$2a$10$bwfdg0hY0j6a3KaFImisUONiYYy/3rJU0klxgDtpn7QjWlrIc5..O','싸피대학교','user8','80','https://ssafy7elevator.s3.ap-northeast-2.amazonaws.com/profile/default_profile.jpg'),(9,'user9','1997-01-07','smoke','편하게 연락주세요','under1','kim@ssafy.com','female','180','산책','ISTJ','$2a$10$UcL.ePSXCyEb80UCayATu.nfc5PXpd.yfUAlT4X8k6polftKyQTT.','싸피대학교','user9','80','https://ssafy7elevator.s3.ap-northeast-2.amazonaws.com/profile/default_profile.jpg'),(10,'test1','1999-11-28','smoke','잘 부탁드립니다','zero','esia@esia.com','male','200','산책','ISTP','$2a$10$j/ej9hvuZpxDDxkKmTH8Ou8r0OTDef0fukVag9gAe1JuOyjh9d6dK','엘사대학교','test1','100','https://ssafy7elevator.s3.ap-northeast-2.amazonaws.com/profile/admin_1659925822551.jpg'),(11,'coco','1994-04-25','nosmoke','잘 부탁드립니다','under1','esia@esia.com','female','161','산책','ISFJ','$2a$10$UcL.ePSXCyEb80UCayATu.nfc5PXpd.yfUAlT4X8k6polftKyQTT.','엘사대학교','coco','53','https://ssafy7elevator.s3.ap-northeast-2.amazonaws.com/profile/coco_1660829441058.jfif'),(12,'user12','1994-08-25','smoke','user12','zero','12@hello.com','male','123','12','ISTJ','$2a$10$9fYT1S8vUCFgL9a/7zMG7.TAR9Fs65YBOxVWeRGLZcN3toMnOvIQO','12','user12','123','https://ssafy7elevator.s3.ap-northeast-2.amazonaws.com/profile/user12_1659673702618.jpg'),(13,'test1234','1995-12-31','smoke','test test test','zero','test@naver.com','male','222','testing','ESFP','$2a$10$6Zn.i6tQzzxel1CbgVrF7.Hv3l3Xgru2smofsRZDJVmsFRjGipBBi','te','testnickname','222','https://ssafy7elevator.s3.ap-northeast-2.amazonaws.com/profile/test1234_1659678155739.jpg'),(14,'dlwhdgus7609','1990-08-07','nosmoke','안녕하세요','zero','ssafy@ssafy.com','male','171','ssafy','ESFP','$2a$10$uF.PI34.aVR6S/2iVWwlIu22w4ALZcOmqeRV4B5.GxrPVkWhR1DES','ssafy','Jong','13','https://ssafy7elevator.s3.ap-northeast-2.amazonaws.com/profile/dlwhdgus7609_1659849978526.jpg'),(15,'jongtest1','1991-08-07','smoke','안녕 안녕 안녕','under3','ssafy@ssafy.com','female','161','ssafy','ESFP','$2a$10$HUxsgr3Q/L4f9E9S.IPUtOHXopoBbXQbPwEVwea2qRX8vWp3Vfwju','ssafy','hyun','62','https://ssafy7elevator.s3.ap-northeast-2.amazonaws.com/profile/jongtest1_1659850142202.jpg'),(16,'ssafy708!','1996-09-29','nosmoke','잘 부탁드립니다.','under3','ssafy@ssafy.com','male','180','코딩','ISTJ','$2a$10$qEB0A.828t0PKAaKUkG.RO91oVw.N8/q.YS5r2H4dPDr0FD46/Zf6','싸피대학교','ssafy708!','75','https://ssafy7elevator.s3.ap-northeast-2.amazonaws.com/profile/ssafy708!_1659919701028.jpg'),(17,'ssafy708','1994-08-31','nosmoke','잘 부탁드립니다.','under3','ssafy@ssafy.com','female','176','코딩','ESFP','$2a$10$cYu7P5DV1QuCbkYqzYqCneU5T.A533Y7T/w/6CzJuh45jJv0x9a3S','싸피대학교','ssafy708!','70','https://ssafy7elevator.s3.ap-northeast-2.amazonaws.com/profile/ssafy708_1659919906719.jpg'),(18,'heejo12345','1997-08-18','smoke','안녕하세요!','zero','joy96817@naver.com','male','200','피아노','INTP','$2a$10$Legzx62wwQNHg.JAtdl4Me.Rv457WRz3Vu2IQ9Llbv0ZEA7b6Y59C','싸피대학교','heejo12345','100','https://ssafy7elevator.s3.ap-northeast-2.amazonaws.com/profile/heejo12345_1659925653990.jpg'),(19,'dsad2','1998-11-11','smoke','흡연왕','under1','dogdg23@naver.com','male','120','너','ISTJ','$2a$10$K6F7Jc.y8IuDo/WoThZRZONpcrgzzTRvc1YeEMkz10KjcrfjDaU5W','언동초','root','200','https://ssafy7elevator.s3.ap-northeast-2.amazonaws.com/profile/dsad2_1659924403705.PNG'),(20,'summer1','1996-09-19','smoke','안녕하세요 연신내 웃음 사냥꾼 입니다.','zero','ssafy@ssafy.com','female','100','movie','ESTP','$2a$10$64bEUEWm5B0YvPNw8jd1DOo4u7QjiprQIeYXjgk3bW035ADr1IeAe','elsa','summer','50','https://ssafy7elevator.s3.ap-northeast-2.amazonaws.com/profile/summer1_1660127061476.PNG'),(21,'blacktest1','2000-08-08','nosmoke','black test 1','zero','test@naver.com','male','222','testing','INFP','$2a$10$I9oZe55GDItRCFMNeCLpnOmSBpRehLqdfhZ5UXpsRN6DIK4pbRuE.','te','blacktest1','222','https://ssafy7elevator.s3.ap-northeast-2.amazonaws.com/profile/blacktest1_1659944311788.jpg'),(22,'blacktest2','2001-12-31','smoke','black test 2','zero','test@naver.com','female','222','testing','ESTP','$2a$10$CEWlkwrWAa.luY/oOu2F1.TFhKN8prrBRchq2JH6RydGkmCyBJLoS','te','마이네임','222','https://ssafy7elevator.s3.ap-northeast-2.amazonaws.com/profile/blacktest2_1659944345274.jfif'),(23,'blacklist2','1997-12-31','smoke','black list 2','zero','test@naver.com','male','222','testing','ESTJ','$2a$10$qtAfuUijzynTH5OiKxI2TOfHDstYpPebe88V8574gKaoem4Sa.dEK','te','blacklist2','222','https://ssafy7elevator.s3.ap-northeast-2.amazonaws.com/profile/blacklist2_1659944955649.jfif'),(25,'test612','1996-06-12','smoke','맞담하실분','zero','test@naver.com','male','180','너','ISTJ','$2a$10$iJDnn3YWkfkXemxAmIQmvu2a5zBujnr7OT.gl1YE16e0CTNFbiedO','테스트학교','test612','360','https://ssafy7elevator.s3.ap-northeast-2.amazonaws.com/profile/test612_1660097553795.PNG'),(26,'adsfadsf','1996-07-05','nosmoke','안녕하세요?','under3','tyu44567@gmail.com','male','173','asdf','INFP','$2a$10$7G/jeH8gjYvs/sEg/5M1P.6Bku2xH8ObHhPAy6HGQNtqgN89b7bB.','테스트대학','moong','57','https://ssafy7elevator.s3.ap-northeast-2.amazonaws.com/profile/adsfadsf_1660097639049.png'),(27,'test12345','1993-12-31','smoke','test12345!','under1','ssafy@ssafy.com','male','170','test12345!','ISTJ','$2a$10$KtsvXohzQXNPJwA3ngdKO.W/oxufT654qw3YLg1DuIf6zPEO2QdH.','test12345!','test12345!','70','https://ssafy7elevator.s3.ap-northeast-2.amazonaws.com/profile/default_profile.jpg'),(28,'123123','1993-08-24','smoke','123','zero','123@123','female','200','123','INTJ','$2a$10$Yka.BfHW43gPEKRCnAyh9eW0pzbi8R0CFAsSexW6cvDS.TsAs0gGK','123','123','100','https://ssafy7elevator.s3.ap-northeast-2.amazonaws.com/profile/123123_1660178910891.jpg'),(29,'123123123','1997-08-16','smoke','123','over3','123@123','female','200','1','ESFJ','$2a$10$ZiY5CPfPt3uOu2tY8ZiD2OEihx2LRlDKdF2TbOGWxpqxHbioTOBLu','123','123123','100','https://ssafy7elevator.s3.ap-northeast-2.amazonaws.com/profile/default_profile.jpg'),(30,'tom1','1994-08-18','nosmoke','잘 부탁 드립니다!','over3','ssafy@ssafy.com','male','190','ssafy','ISFP','$2a$10$4HumRLgaHoB069F9/J4xhemJLeTwZd5a0elOiamSK32RXikzLgqXG','ssafy','Tom','70','https://ssafy7elevator.s3.ap-northeast-2.amazonaws.com/profile/tom1_1660270978777.PNG'),(31,'ldh960','1998-11-30','smoke','ldh960','zero','ldh793@naver.com','male','170','ldh960','ISTP','$2a$10$QSY9ktVa1Mmqi1rNid.Om.D3qHhqi9FTNWBlfn9.U5KbDzsBxebUu','ldh960','ldh960','70','https://ssafy7elevator.s3.ap-northeast-2.amazonaws.com/profile/default_profile.jpg'),(32,'blacktest3','1998-08-19','smoke','test33333','zero','test@naver.com','female','333','testing','ISFJ','$2a$10$ndO5Q6rMtX.rfnzpWUfvrO6X.Jb0xGCJWntkxHW6cEtGVIsWO1ZQO','te','blacktest3','333','https://ssafy7elevator.s3.ap-northeast-2.amazonaws.com/profile/blacktest3_1660371086691.jfif'),(33,'kd8317','1996-03-29','nosmoke','안녕하세요','under1','kd8317@naver.com','male','178','이동환','INFJ','$2a$10$4BlW12xbmQ0K1CbOJnOCH.v63GofkoCDxv2bIQfwIv/oVSv.dptZK','알아서머할건 대','tester','81','https://ssafy7elevator.s3.ap-northeast-2.amazonaws.com/profile/kd8317_1660451187777.jpg'),(34,'najo7609','1996-09-19','nosmoke','만나서 반갑습니다. 잘 부탁 드려요!','under1','dlwhdgus7609@naver.com','male','181','엘리베이터','ESFP','$2a$10$taEwamXW562z5Ghe5nuhouj9wqLUmhbv1lInAfecWveRigSYKzE/6','ssafy','종현이에요','70','https://ssafy7elevator.s3.ap-northeast-2.amazonaws.com/profile/najo7609_1660545348156.jpg'),(35,'whdgus1','1996-12-19','nosmoke','잘 부탁 드려요~~~~','under1','ssafy@ssafy.com','male','181','ssafy','ESFP','$2a$10$.f8YoQZQe1QF9tJGVEsKkO9i0ws3/IxKZ7gL6oCqmp8SkVPOBIguC','ssafy','종현이에요','70','https://ssafy7elevator.s3.ap-northeast-2.amazonaws.com/profile/whdgus1_1660545473656.jpg'),(36,'jonghyun1','1995-08-16','nosmoke','잘 부탁 드려요~~~~~~~','under1','ssafy@ssafy.com','male','181','ssafy','ESFP','$2a$10$SZqqoUcwkwa5wQNccukVEOiF0cH3R4jBT39ZIYMeBEOVJXG0dM1s6','ssafy','종현이에요','70','https://ssafy7elevator.s3.ap-northeast-2.amazonaws.com/profile/jonghyun1_1660545627307.jpg'),(39,'ssafyssafy','1993-08-16','nosmoke','좋은 짝을 찾으러 왔습니다 ^^\n잘 부탁드립니다','zero','ssafy@ssafy.com','female','173','여행','ESFJ','$2a$10$nv0Q7njlbJWwz.TTAa0UO.AFQw3HpJwb8yMudtjJenKuERzqJoRH.','KAIST','3대173','173','https://ssafy7elevator.s3.ap-northeast-2.amazonaws.com/profile/ssafyssafy_1660578551890.jpg'),(41,'nada','1992-08-16','smoke','잘 부탁드려요..','zero','ssafy@b.com','male','1','여행','INTP','$2a$10$bEmrc8/zGMfMkmk6JCRCc.gEAphGtRU/yQSw7o3TQw9anMr8Sqrhu','싸피대','nada','1','https://ssafy7elevator.s3.ap-northeast-2.amazonaws.com/profile/nada_1660579053957.jpg'),(42,'jonghyun2','1996-09-19','nosmoke','안녕하세요~~~~~~~','under1','ssafy@ssafy.com','male','181','ssafy','ESFP','$2a$10$Kzcfd9axeFFzyEX7mqGJaOeere.ApdSRo.1y5usfA.XUt0lroOpCu','ssafy','종현이에요','70','https://ssafy7elevator.s3.ap-northeast-2.amazonaws.com/profile/jonghyun2_1660622887818.jpg'),(43,'test1294','1990-10-29','smoke','donghwan','zero','ssafy@ssafy.com','male','176','donghwan','ISTJ','$2a$10$Un/hH.S0Ke3KnIekSv9v6.gIKY.PBtYDXNDTstzcEpUHZpMwlZV7S','donghwan','donghwan','11','https://ssafy7elevator.s3.ap-northeast-2.amazonaws.com/profile/test1294_1660715235580.jpg'),(44,'test1000','1989-12-31','smoke','donghwan','zero','ssafy@ssafy.com','female','176','donghwan','ISTP','$2a$10$Ptghv./moYlqePfRD0cgb.hnICtRaEffQrQ25SAYncoUHOcQsJVCe','donghwan','test1000!','3','https://ssafy7elevator.s3.ap-northeast-2.amazonaws.com/profile/test1000_1660715433974.jpg'),(45,'seunghoon0422','1996-04-22','smoke','안녕하세요!! 잘부탁드립니다.','under3','psh104404@naver.com','male','175','강아지, 드럼','ESFP','$2a$10$UcL.ePSXCyEb80UCayATu.nfc5PXpd.yfUAlT4X8k6polftKyQTT.','싸피대학교','hoony','62','https://ssafy7elevator.s3.ap-northeast-2.amazonaws.com/profile/seunghoon0422_1660736640516.jpg'),(47,'test1001','2000-09-30','smoke','test1001!','zero','ssafy@ssafy.com','female','70','test1001!','ISFJ','$2a$10$UcL.ePSXCyEb80UCayATu.nfc5PXpd.yfUAlT4X8k6polftKyQTT.','test1001!','test1001!','70','https://ssafy7elevator.s3.ap-northeast-2.amazonaws.com/profile/test1001_1660789289744.png'),(49,'ldh9600','2015-08-29','smoke','ldh9600','zero','ldh793@naver.com','male','176','ldh9600','ISFJ','$2a$10$3wVbcJiD2Pm6TEMglee5JeP.Pk25Akt6/Y6e/QYhedVHlWC7DPCAW','ldh9600','ldh9600','10','https://ssafy7elevator.s3.ap-northeast-2.amazonaws.com/profile/ldh9600_1660795774403.png'),(50,'qweqwe123','1994-08-12','nosmoke','안녕하세요ㅎㅎㅎ','under1','q@q','male','200','컴퓨터','ISFP','$2a$10$cIdlkxfdQLP1Q73Ns6Zj3uQsaCzmfdJvz5ZxrTvVqmGmyIwF4Atyy','싸피대학교','할랑','100','https://ssafy7elevator.s3.ap-northeast-2.amazonaws.com/profile/default_profile.jpg'),(51,'qweqwe1234','1997-01-01','smoke','sefsef','zero','w@w','female','200','ㅂ','ISTP','$2a$10$51DGE7hfdm1vU272PYD/l.8pITvu5ZLsyk9wklZ8C8TVrT0D4rG9S','싸피고','안뇽','100','https://ssafy7elevator.s3.ap-northeast-2.amazonaws.com/profile/qweqwe1234_1660806492505.jpg'),(52,'qwe12345','1997-01-01','nosmoke','qweqweqweqweqweqweqwe','zero','q@q','male','180','qwe','ISFJ','$2a$10$kBFZomVbolMW4bQjWv5HtuCytSZBAzd4qPL1./nj/ztokHs1R3bfW','q','qweqwe','100','https://ssafy7elevator.s3.ap-northeast-2.amazonaws.com/profile/default_profile.jpg'),(53,'user999','1994-01-01','nosmoke','gd','zero','1@1','female','180','ㅇ','ISTJ','$2a$10$7rlqAEQw/3X0Lrd0ImLh5u.xJPgnbFMnbFHuEi.eIbnfqRRLxg5pO','ㅇ','유저999','100','https://ssafy7elevator.s3.ap-northeast-2.amazonaws.com/profile/user999_1660808953436.jpg'),(54,'user998','1996-08-01','smoke','ㅎㅎㅎㅎㅎㅎ','zero','2@2','male','180','ㅈ','INTJ','$2a$10$22dFwto9xfJ6yEnPNA9eJO0.B6DDV66Z0PHv3n5hLcEPmmd.ro1/6','ㅈ','유저998','100','https://ssafy7elevator.s3.ap-northeast-2.amazonaws.com/profile/default_profile.jpg'),(56,'temp123','1996-01-01','nosmoke','12131313','zero','1@1','male','200','1','ISFJ','$2a$10$a3bel2EZKf.XwvekekIZoem2e2mr13e0jV/XP/KORJCwTzrNrwS.W','1','temp123','100','https://ssafy7elevator.s3.ap-northeast-2.amazonaws.com/profile/default_profile.jpg'),(57,'qwqw1212','1999-08-08','nosmoke','1','under1','1@1','male','180','1','ISTJ','$2a$10$cbn4PdHSvB/6rRU2z0bExugldh/sWIHQXyoY16XW6g6GQlD.Rvs36','1','큐이큐이','100','https://ssafy7elevator.s3.ap-northeast-2.amazonaws.com/profile/default_profile.jpg'),(61,'ssamom','2016-09-28','nosmoke','asdasd','zero','asd@asd','female','123','asdasd','ENTJ','$2a$10$UcL.ePSXCyEb80UCayATu.nfc5PXpd.yfUAlT4X8k6polftKyQTT.','asd','ssamom','123','https://ssafy7elevator.s3.ap-northeast-2.amazonaws.com/profile/default_profile.jpg');
/*!40000 ALTER TABLE `user` ENABLE KEYS */;
UNLOCK TABLES;
/*!40103 SET TIME_ZONE=@OLD_TIME_ZONE */;

/*!40101 SET SQL_MODE=@OLD_SQL_MODE */;
/*!40014 SET FOREIGN_KEY_CHECKS=@OLD_FOREIGN_KEY_CHECKS */;
/*!40014 SET UNIQUE_CHECKS=@OLD_UNIQUE_CHECKS */;
/*!40101 SET CHARACTER_SET_CLIENT=@OLD_CHARACTER_SET_CLIENT */;
/*!40101 SET CHARACTER_SET_RESULTS=@OLD_CHARACTER_SET_RESULTS */;
/*!40101 SET COLLATION_CONNECTION=@OLD_COLLATION_CONNECTION */;
/*!40111 SET SQL_NOTES=@OLD_SQL_NOTES */;

-- Dump completed on 2022-08-18 22:56:22
